"cell_num"	"coverage_mean"	"coverage_variance"	"eff_seq_err_rate"	"ado_rate"	"deletion_rate"	"insertion_rate"	"dataset"	"tool"	"snv_type"	"tool_setup"	"inferred_tree"	"real_tree"	"max_clades"	"RF_distance"	"normalized_RF_distance"	"weighted_RF_distance"	"normalized_weighted_RF_distance"	"rooted_branch_score_difference"
100	5	20	0.001999	0.16334	0	0	1	"sciphi"	"candidate_snvs"	NA	"/home/kang/research/SIEVE_benchmark_pipeline_53/benchmark_results/sciphi/0001/sciphi/best_index/tree.nexus"	"/home/kang/research/SIEVE_benchmark_pipeline_53/benchmark_results/simulated_data/results/converted_trees_dir/with_trunk_without_normal_dir/tree.0001"	196	120	0.612244897959184	NA	NA	NA
100	5	20	0.001999	0.16334	0	0	2	"sciphi"	"candidate_snvs"	NA	"/home/kang/research/SIEVE_benchmark_pipeline_53/benchmark_results/sciphi/0002/sciphi/best_index/tree.nexus"	"/home/kang/research/SIEVE_benchmark_pipeline_53/benchmark_results/simulated_data/results/converted_trees_dir/with_trunk_without_normal_dir/tree.0002"	196	90	0.459183673469388	NA	NA	NA
100	5	20	0.001999	0.16334	0	0	3	"sciphi"	"candidate_snvs"	NA	"/home/kang/research/SIEVE_benchmark_pipeline_53/benchmark_results/sciphi/0003/sciphi/best_index/tree.nexus"	"/home/kang/research/SIEVE_benchmark_pipeline_53/benchmark_results/simulated_data/results/converted_trees_dir/with_trunk_without_normal_dir/tree.0003"	196	74	0.377551020408163	NA	NA	NA
100	5	20	0.001999	0.16334	0	0	4	"sciphi"	"candidate_snvs"	NA	"/home/kang/research/SIEVE_benchmark_pipeline_53/benchmark_results/sciphi/0004/sciphi/best_index/tree.nexus"	"/home/kang/research/SIEVE_benchmark_pipeline_53/benchmark_results/simulated_data/results/converted_trees_dir/with_trunk_without_normal_dir/tree.0004"	196	96	0.489795918367347	NA	NA	NA
100	5	20	0.001999	0.16334	0	0	5	"sciphi"	"candidate_snvs"	NA	"/home/kang/research/SIEVE_benchmark_pipeline_53/benchmark_results/sciphi/0005/sciphi/best_index/tree.nexus"	"/home/kang/research/SIEVE_benchmark_pipeline_53/benchmark_results/simulated_data/results/converted_trees_dir/with_trunk_without_normal_dir/tree.0005"	196	80	0.408163265306122	NA	NA	NA
100	5	20	0.001999	0.16334	0	0	6	"sciphi"	"candidate_snvs"	NA	"/home/kang/research/SIEVE_benchmark_pipeline_53/benchmark_results/sciphi/0006/sciphi/best_index/tree.nexus"	"/home/kang/research/SIEVE_benchmark_pipeline_53/benchmark_results/simulated_data/results/converted_trees_dir/with_trunk_without_normal_dir/tree.0006"	196	92	0.469387755102041	NA	NA	NA
100	5	20	0.001999	0.16334	0	0	7	"sciphi"	"candidate_snvs"	NA	"/home/kang/research/SIEVE_benchmark_pipeline_53/benchmark_results/sciphi/0007/sciphi/best_index/tree.nexus"	"/home/kang/research/SIEVE_benchmark_pipeline_53/benchmark_results/simulated_data/results/converted_trees_dir/with_trunk_without_normal_dir/tree.0007"	196	74	0.377551020408163	NA	NA	NA
100	5	20	0.001999	0.16334	0	0	8	"sciphi"	"candidate_snvs"	NA	"/home/kang/research/SIEVE_benchmark_pipeline_53/benchmark_results/sciphi/0008/sciphi/best_index/tree.nexus"	"/home/kang/research/SIEVE_benchmark_pipeline_53/benchmark_results/simulated_data/results/converted_trees_dir/with_trunk_without_normal_dir/tree.0008"	196	92	0.469387755102041	NA	NA	NA
100	5	20	0.001999	0.16334	0	0	9	"sciphi"	"candidate_snvs"	NA	"/home/kang/research/SIEVE_benchmark_pipeline_53/benchmark_results/sciphi/0009/sciphi/best_index/tree.nexus"	"/home/kang/research/SIEVE_benchmark_pipeline_53/benchmark_results/simulated_data/results/converted_trees_dir/with_trunk_without_normal_dir/tree.0009"	196	66	0.336734693877551	NA	NA	NA
100	5	20	0.001999	0.16334	0	0	10	"sciphi"	"candidate_snvs"	NA	"/home/kang/research/SIEVE_benchmark_pipeline_53/benchmark_results/sciphi/0010/sciphi/best_index/tree.nexus"	"/home/kang/research/SIEVE_benchmark_pipeline_53/benchmark_results/simulated_data/results/converted_trees_dir/with_trunk_without_normal_dir/tree.0010"	196	90	0.459183673469388	NA	NA	NA
100	5	20	0.001999	0.16334	0	0	11	"sciphi"	"candidate_snvs"	NA	"/home/kang/research/SIEVE_benchmark_pipeline_53/benchmark_results/sciphi/0011/sciphi/best_index/tree.nexus"	"/home/kang/research/SIEVE_benchmark_pipeline_53/benchmark_results/simulated_data/results/converted_trees_dir/with_trunk_without_normal_dir/tree.0011"	196	86	0.438775510204082	NA	NA	NA
100	5	20	0.001999	0.16334	0	0	12	"sciphi"	"candidate_snvs"	NA	"/home/kang/research/SIEVE_benchmark_pipeline_53/benchmark_results/sciphi/0012/sciphi/best_index/tree.nexus"	"/home/kang/research/SIEVE_benchmark_pipeline_53/benchmark_results/simulated_data/results/converted_trees_dir/with_trunk_without_normal_dir/tree.0012"	196	132	0.673469387755102	NA	NA	NA
100	5	20	0.001999	0.16334	0	0	13	"sciphi"	"candidate_snvs"	NA	"/home/kang/research/SIEVE_benchmark_pipeline_53/benchmark_results/sciphi/0013/sciphi/best_index/tree.nexus"	"/home/kang/research/SIEVE_benchmark_pipeline_53/benchmark_results/simulated_data/results/converted_trees_dir/with_trunk_without_normal_dir/tree.0013"	196	132	0.673469387755102	NA	NA	NA
100	5	20	0.001999	0.16334	0	0	14	"sciphi"	"candidate_snvs"	NA	"/home/kang/research/SIEVE_benchmark_pipeline_53/benchmark_results/sciphi/0014/sciphi/best_index/tree.nexus"	"/home/kang/research/SIEVE_benchmark_pipeline_53/benchmark_results/simulated_data/results/converted_trees_dir/with_trunk_without_normal_dir/tree.0014"	196	100	0.510204081632653	NA	NA	NA
100	5	20	0.001999	0.16334	0	0	15	"sciphi"	"candidate_snvs"	NA	"/home/kang/research/SIEVE_benchmark_pipeline_53/benchmark_results/sciphi/0015/sciphi/best_index/tree.nexus"	"/home/kang/research/SIEVE_benchmark_pipeline_53/benchmark_results/simulated_data/results/converted_trees_dir/with_trunk_without_normal_dir/tree.0015"	196	72	0.36734693877551	NA	NA	NA
100	5	20	0.001999	0.16334	0	0	16	"sciphi"	"candidate_snvs"	NA	"/home/kang/research/SIEVE_benchmark_pipeline_53/benchmark_results/sciphi/0016/sciphi/best_index/tree.nexus"	"/home/kang/research/SIEVE_benchmark_pipeline_53/benchmark_results/simulated_data/results/converted_trees_dir/with_trunk_without_normal_dir/tree.0016"	196	92	0.469387755102041	NA	NA	NA
100	5	20	0.001999	0.16334	0	0	17	"sciphi"	"candidate_snvs"	NA	"/home/kang/research/SIEVE_benchmark_pipeline_53/benchmark_results/sciphi/0017/sciphi/best_index/tree.nexus"	"/home/kang/research/SIEVE_benchmark_pipeline_53/benchmark_results/simulated_data/results/converted_trees_dir/with_trunk_without_normal_dir/tree.0017"	196	88	0.448979591836735	NA	NA	NA
100	5	20	0.001999	0.16334	0	0	18	"sciphi"	"candidate_snvs"	NA	"/home/kang/research/SIEVE_benchmark_pipeline_53/benchmark_results/sciphi/0018/sciphi/best_index/tree.nexus"	"/home/kang/research/SIEVE_benchmark_pipeline_53/benchmark_results/simulated_data/results/converted_trees_dir/with_trunk_without_normal_dir/tree.0018"	196	146	0.744897959183674	NA	NA	NA
100	5	20	0.001999	0.16334	0	0	19	"sciphi"	"candidate_snvs"	NA	"/home/kang/research/SIEVE_benchmark_pipeline_53/benchmark_results/sciphi/0019/sciphi/best_index/tree.nexus"	"/home/kang/research/SIEVE_benchmark_pipeline_53/benchmark_results/simulated_data/results/converted_trees_dir/with_trunk_without_normal_dir/tree.0019"	196	98	0.5	NA	NA	NA
100	5	20	0.001999	0.16334	0	0	20	"sciphi"	"candidate_snvs"	NA	"/home/kang/research/SIEVE_benchmark_pipeline_53/benchmark_results/sciphi/0020/sciphi/best_index/tree.nexus"	"/home/kang/research/SIEVE_benchmark_pipeline_53/benchmark_results/simulated_data/results/converted_trees_dir/with_trunk_without_normal_dir/tree.0020"	196	88	0.448979591836735	NA	NA	NA
100	5	20	0.001999	0.16334	0	0	1	"sieve"	"candidate_snvs"	"none_univ"	"/home/kang/research/SIEVE_benchmark_pipeline_53/benchmark_results/sieve/from_candidate/phylogenetic_inference/none_univ/0001/none_univ_0001_simple.tree"	"/home/kang/research/SIEVE_benchmark_pipeline_53/benchmark_results/simulated_data/results/converted_trees_dir/with_trunk_without_normal_dir/tree.0001"	196	46	0.23469387755102	5.62089091822591	0.999962633603773	1.21544356616648
100	5	20	0.001999	0.16334	0	0	2	"sieve"	"candidate_snvs"	"none_univ"	"/home/kang/research/SIEVE_benchmark_pipeline_53/benchmark_results/sieve/from_candidate/phylogenetic_inference/none_univ/0002/none_univ_0002_simple.tree"	"/home/kang/research/SIEVE_benchmark_pipeline_53/benchmark_results/simulated_data/results/converted_trees_dir/with_trunk_without_normal_dir/tree.0002"	196	50	0.255102040816327	5.49604921734837	0.999957660817879	1.00954452788975
100	5	20	0.001999	0.16334	0	0	3	"sieve"	"candidate_snvs"	"none_univ"	"/home/kang/research/SIEVE_benchmark_pipeline_53/benchmark_results/sieve/from_candidate/phylogenetic_inference/none_univ/0003/none_univ_0003_simple.tree"	"/home/kang/research/SIEVE_benchmark_pipeline_53/benchmark_results/simulated_data/results/converted_trees_dir/with_trunk_without_normal_dir/tree.0003"	196	34	0.173469387755102	6.05590483086374	0.9999588324197	1.07379108492898
100	5	20	0.001999	0.16334	0	0	4	"sieve"	"candidate_snvs"	"none_univ"	"/home/kang/research/SIEVE_benchmark_pipeline_53/benchmark_results/sieve/from_candidate/phylogenetic_inference/none_univ/0004/none_univ_0004_simple.tree"	"/home/kang/research/SIEVE_benchmark_pipeline_53/benchmark_results/simulated_data/results/converted_trees_dir/with_trunk_without_normal_dir/tree.0004"	196	34	0.173469387755102	6.09756063190768	0.999958160723532	1.36189176601127
100	5	20	0.001999	0.16334	0	0	5	"sieve"	"candidate_snvs"	"none_univ"	"/home/kang/research/SIEVE_benchmark_pipeline_53/benchmark_results/sieve/from_candidate/phylogenetic_inference/none_univ/0005/none_univ_0005_simple.tree"	"/home/kang/research/SIEVE_benchmark_pipeline_53/benchmark_results/simulated_data/results/converted_trees_dir/with_trunk_without_normal_dir/tree.0005"	196	44	0.224489795918367	5.50151337518989	0.99996099416777	0.928016126669049
100	5	20	0.001999	0.16334	0	0	6	"sieve"	"candidate_snvs"	"none_univ"	"/home/kang/research/SIEVE_benchmark_pipeline_53/benchmark_results/sieve/from_candidate/phylogenetic_inference/none_univ/0006/none_univ_0006_simple.tree"	"/home/kang/research/SIEVE_benchmark_pipeline_53/benchmark_results/simulated_data/results/converted_trees_dir/with_trunk_without_normal_dir/tree.0006"	196	36	0.183673469387755	5.64188836838227	0.999952023405782	1.05050457396235
100	5	20	0.001999	0.16334	0	0	7	"sieve"	"candidate_snvs"	"none_univ"	"/home/kang/research/SIEVE_benchmark_pipeline_53/benchmark_results/sieve/from_candidate/phylogenetic_inference/none_univ/0007/none_univ_0007_simple.tree"	"/home/kang/research/SIEVE_benchmark_pipeline_53/benchmark_results/simulated_data/results/converted_trees_dir/with_trunk_without_normal_dir/tree.0007"	196	36	0.183673469387755	5.89657958199359	0.999960722363917	1.19475910361404
100	5	20	0.001999	0.16334	0	0	8	"sieve"	"candidate_snvs"	"none_univ"	"/home/kang/research/SIEVE_benchmark_pipeline_53/benchmark_results/sieve/from_candidate/phylogenetic_inference/none_univ/0008/none_univ_0008_simple.tree"	"/home/kang/research/SIEVE_benchmark_pipeline_53/benchmark_results/simulated_data/results/converted_trees_dir/with_trunk_without_normal_dir/tree.0008"	196	46	0.23469387755102	5.33071584980885	0.99995809575099	0.926141264417968
100	5	20	0.001999	0.16334	0	0	9	"sieve"	"candidate_snvs"	"none_univ"	"/home/kang/research/SIEVE_benchmark_pipeline_53/benchmark_results/sieve/from_candidate/phylogenetic_inference/none_univ/0009/none_univ_0009_simple.tree"	"/home/kang/research/SIEVE_benchmark_pipeline_53/benchmark_results/simulated_data/results/converted_trees_dir/with_trunk_without_normal_dir/tree.0009"	196	54	0.275510204081633	5.65360802959257	0.999952082411697	0.907482786254917
100	5	20	0.001999	0.16334	0	0	10	"sieve"	"candidate_snvs"	"none_univ"	"/home/kang/research/SIEVE_benchmark_pipeline_53/benchmark_results/sieve/from_candidate/phylogenetic_inference/none_univ/0010/none_univ_0010_simple.tree"	"/home/kang/research/SIEVE_benchmark_pipeline_53/benchmark_results/simulated_data/results/converted_trees_dir/with_trunk_without_normal_dir/tree.0010"	196	34	0.173469387755102	5.45894755599533	0.999959361831358	0.902346993626475
100	5	20	0.001999	0.16334	0	0	11	"sieve"	"candidate_snvs"	"none_univ"	"/home/kang/research/SIEVE_benchmark_pipeline_53/benchmark_results/sieve/from_candidate/phylogenetic_inference/none_univ/0011/none_univ_0011_simple.tree"	"/home/kang/research/SIEVE_benchmark_pipeline_53/benchmark_results/simulated_data/results/converted_trees_dir/with_trunk_without_normal_dir/tree.0011"	196	50	0.255102040816327	5.21087539614131	0.999960854304356	0.849117786048291
100	5	20	0.001999	0.16334	0	0	12	"sieve"	"candidate_snvs"	"none_univ"	"/home/kang/research/SIEVE_benchmark_pipeline_53/benchmark_results/sieve/from_candidate/phylogenetic_inference/none_univ/0012/none_univ_0012_simple.tree"	"/home/kang/research/SIEVE_benchmark_pipeline_53/benchmark_results/simulated_data/results/converted_trees_dir/with_trunk_without_normal_dir/tree.0012"	196	48	0.244897959183673	5.82697044455816	0.999960645544815	1.46431201226966
100	5	20	0.001999	0.16334	0	0	13	"sieve"	"candidate_snvs"	"none_univ"	"/home/kang/research/SIEVE_benchmark_pipeline_53/benchmark_results/sieve/from_candidate/phylogenetic_inference/none_univ/0013/none_univ_0013_simple.tree"	"/home/kang/research/SIEVE_benchmark_pipeline_53/benchmark_results/simulated_data/results/converted_trees_dir/with_trunk_without_normal_dir/tree.0013"	196	56	0.285714285714286	5.37439438897355	0.999964116403454	1.07442014533292
100	5	20	0.001999	0.16334	0	0	14	"sieve"	"candidate_snvs"	"none_univ"	"/home/kang/research/SIEVE_benchmark_pipeline_53/benchmark_results/sieve/from_candidate/phylogenetic_inference/none_univ/0014/none_univ_0014_simple.tree"	"/home/kang/research/SIEVE_benchmark_pipeline_53/benchmark_results/simulated_data/results/converted_trees_dir/with_trunk_without_normal_dir/tree.0014"	196	48	0.244897959183673	5.4821606248716	0.999956566498805	1.14122433978232
100	5	20	0.001999	0.16334	0	0	15	"sieve"	"candidate_snvs"	"none_univ"	"/home/kang/research/SIEVE_benchmark_pipeline_53/benchmark_results/sieve/from_candidate/phylogenetic_inference/none_univ/0015/none_univ_0015_simple.tree"	"/home/kang/research/SIEVE_benchmark_pipeline_53/benchmark_results/simulated_data/results/converted_trees_dir/with_trunk_without_normal_dir/tree.0015"	196	44	0.224489795918367	5.85604486283519	0.99995677876457	1.07788459232026
100	5	20	0.001999	0.16334	0	0	16	"sieve"	"candidate_snvs"	"none_univ"	"/home/kang/research/SIEVE_benchmark_pipeline_53/benchmark_results/sieve/from_candidate/phylogenetic_inference/none_univ/0016/none_univ_0016_simple.tree"	"/home/kang/research/SIEVE_benchmark_pipeline_53/benchmark_results/simulated_data/results/converted_trees_dir/with_trunk_without_normal_dir/tree.0016"	196	66	0.336734693877551	5.47505151572535	0.999964202442819	1.04714389127345
100	5	20	0.001999	0.16334	0	0	17	"sieve"	"candidate_snvs"	"none_univ"	"/home/kang/research/SIEVE_benchmark_pipeline_53/benchmark_results/sieve/from_candidate/phylogenetic_inference/none_univ/0017/none_univ_0017_simple.tree"	"/home/kang/research/SIEVE_benchmark_pipeline_53/benchmark_results/simulated_data/results/converted_trees_dir/with_trunk_without_normal_dir/tree.0017"	196	50	0.255102040816327	5.71324067702097	0.999954387353978	1.19983912141764
100	5	20	0.001999	0.16334	0	0	18	"sieve"	"candidate_snvs"	"none_univ"	"/home/kang/research/SIEVE_benchmark_pipeline_53/benchmark_results/sieve/from_candidate/phylogenetic_inference/none_univ/0018/none_univ_0018_simple.tree"	"/home/kang/research/SIEVE_benchmark_pipeline_53/benchmark_results/simulated_data/results/converted_trees_dir/with_trunk_without_normal_dir/tree.0018"	196	62	0.316326530612245	5.45530034970596	0.999966228316092	0.849500753224408
100	5	20	0.001999	0.16334	0	0	19	"sieve"	"candidate_snvs"	"none_univ"	"/home/kang/research/SIEVE_benchmark_pipeline_53/benchmark_results/sieve/from_candidate/phylogenetic_inference/none_univ/0019/none_univ_0019_simple.tree"	"/home/kang/research/SIEVE_benchmark_pipeline_53/benchmark_results/simulated_data/results/converted_trees_dir/with_trunk_without_normal_dir/tree.0019"	196	42	0.214285714285714	5.77309968138856	0.999958252151539	1.16565965185827
100	5	20	0.001999	0.16334	0	0	20	"sieve"	"candidate_snvs"	"none_univ"	"/home/kang/research/SIEVE_benchmark_pipeline_53/benchmark_results/sieve/from_candidate/phylogenetic_inference/none_univ/0020/none_univ_0020_simple.tree"	"/home/kang/research/SIEVE_benchmark_pipeline_53/benchmark_results/simulated_data/results/converted_trees_dir/with_trunk_without_normal_dir/tree.0020"	196	50	0.255102040816327	6.1272737978017	0.999952594239982	1.12397112703524
100	5	20	0.001999	0.16334	0	0	1	"sieve"	"candidate_snvs"	"none_univ-fels_fixed_2"	"/home/kang/research/SIEVE_benchmark_pipeline_53/benchmark_results/sieve/from_candidate/phylogenetic_inference/stage2/none_univ-fels_fixed_2/0001/none_univ-fels_fixed_2_0001_simple.tree"	"/home/kang/research/SIEVE_benchmark_pipeline_53/benchmark_results/simulated_data/results/converted_trees_dir/with_trunk_without_normal_dir/tree.0001"	196	48	0.244897959183673	0.690369543681326	0.999696436130931	0.150787550725941
100	5	20	0.001999	0.16334	0	0	2	"sieve"	"candidate_snvs"	"none_univ-fels_fixed_2"	"/home/kang/research/SIEVE_benchmark_pipeline_53/benchmark_results/sieve/from_candidate/phylogenetic_inference/stage2/none_univ-fels_fixed_2/0002/none_univ-fels_fixed_2_0002_simple.tree"	"/home/kang/research/SIEVE_benchmark_pipeline_53/benchmark_results/simulated_data/results/converted_trees_dir/with_trunk_without_normal_dir/tree.0002"	196	46	0.23469387755102	0.750691416454469	0.999685646537187	0.143983774853457
100	5	20	0.001999	0.16334	0	0	3	"sieve"	"candidate_snvs"	"none_univ-fels_fixed_2"	"/home/kang/research/SIEVE_benchmark_pipeline_53/benchmark_results/sieve/from_candidate/phylogenetic_inference/stage2/none_univ-fels_fixed_2/0003/none_univ-fels_fixed_2_0003_simple.tree"	"/home/kang/research/SIEVE_benchmark_pipeline_53/benchmark_results/simulated_data/results/converted_trees_dir/with_trunk_without_normal_dir/tree.0003"	196	30	0.153061224489796	0.83210863105692	0.999701520290842	0.158728601609353
100	5	20	0.001999	0.16334	0	0	4	"sieve"	"candidate_snvs"	"none_univ-fels_fixed_2"	"/home/kang/research/SIEVE_benchmark_pipeline_53/benchmark_results/sieve/from_candidate/phylogenetic_inference/stage2/none_univ-fels_fixed_2/0004/none_univ-fels_fixed_2_0004_simple.tree"	"/home/kang/research/SIEVE_benchmark_pipeline_53/benchmark_results/simulated_data/results/converted_trees_dir/with_trunk_without_normal_dir/tree.0004"	196	32	0.163265306122449	0.788000374555765	0.999674125767449	0.176101074911374
100	5	20	0.001999	0.16334	0	0	5	"sieve"	"candidate_snvs"	"none_univ-fels_fixed_2"	"/home/kang/research/SIEVE_benchmark_pipeline_53/benchmark_results/sieve/from_candidate/phylogenetic_inference/stage2/none_univ-fels_fixed_2/0005/none_univ-fels_fixed_2_0005_simple.tree"	"/home/kang/research/SIEVE_benchmark_pipeline_53/benchmark_results/simulated_data/results/converted_trees_dir/with_trunk_without_normal_dir/tree.0005"	196	44	0.224489795918367	0.661817297094841	0.999675489921388	0.118564194778719
100	5	20	0.001999	0.16334	0	0	6	"sieve"	"candidate_snvs"	"none_univ-fels_fixed_2"	"/home/kang/research/SIEVE_benchmark_pipeline_53/benchmark_results/sieve/from_candidate/phylogenetic_inference/stage2/none_univ-fels_fixed_2/0006/none_univ-fels_fixed_2_0006_simple.tree"	"/home/kang/research/SIEVE_benchmark_pipeline_53/benchmark_results/simulated_data/results/converted_trees_dir/with_trunk_without_normal_dir/tree.0006"	196	40	0.204081632653061	1.01297271713293	0.999733208204065	0.19797327747481
100	5	20	0.001999	0.16334	0	0	7	"sieve"	"candidate_snvs"	"none_univ-fels_fixed_2"	"/home/kang/research/SIEVE_benchmark_pipeline_53/benchmark_results/sieve/from_candidate/phylogenetic_inference/stage2/none_univ-fels_fixed_2/0007/none_univ-fels_fixed_2_0007_simple.tree"	"/home/kang/research/SIEVE_benchmark_pipeline_53/benchmark_results/simulated_data/results/converted_trees_dir/with_trunk_without_normal_dir/tree.0007"	196	50	0.255102040816327	0.675142647379521	0.999662956959158	0.140405193799924
100	5	20	0.001999	0.16334	0	0	8	"sieve"	"candidate_snvs"	"none_univ-fels_fixed_2"	"/home/kang/research/SIEVE_benchmark_pipeline_53/benchmark_results/sieve/from_candidate/phylogenetic_inference/stage2/none_univ-fels_fixed_2/0008/none_univ-fels_fixed_2_0008_simple.tree"	"/home/kang/research/SIEVE_benchmark_pipeline_53/benchmark_results/simulated_data/results/converted_trees_dir/with_trunk_without_normal_dir/tree.0008"	196	50	0.255102040816327	0.726942174546762	0.999693476767659	0.133722308286898
100	5	20	0.001999	0.16334	0	0	9	"sieve"	"candidate_snvs"	"none_univ-fels_fixed_2"	"/home/kang/research/SIEVE_benchmark_pipeline_53/benchmark_results/sieve/from_candidate/phylogenetic_inference/stage2/none_univ-fels_fixed_2/0009/none_univ-fels_fixed_2_0009_simple.tree"	"/home/kang/research/SIEVE_benchmark_pipeline_53/benchmark_results/simulated_data/results/converted_trees_dir/with_trunk_without_normal_dir/tree.0009"	196	60	0.306122448979592	0.867221276250909	0.999689186662304	0.148277779689931
100	5	20	0.001999	0.16334	0	0	10	"sieve"	"candidate_snvs"	"none_univ-fels_fixed_2"	"/home/kang/research/SIEVE_benchmark_pipeline_53/benchmark_results/sieve/from_candidate/phylogenetic_inference/stage2/none_univ-fels_fixed_2/0010/none_univ-fels_fixed_2_0010_simple.tree"	"/home/kang/research/SIEVE_benchmark_pipeline_53/benchmark_results/simulated_data/results/converted_trees_dir/with_trunk_without_normal_dir/tree.0010"	196	30	0.153061224489796	0.733412394166427	0.999695946211836	0.129122926667583
100	5	20	0.001999	0.16334	0	0	11	"sieve"	"candidate_snvs"	"none_univ-fels_fixed_2"	"/home/kang/research/SIEVE_benchmark_pipeline_53/benchmark_results/sieve/from_candidate/phylogenetic_inference/stage2/none_univ-fels_fixed_2/0011/none_univ-fels_fixed_2_0011_simple.tree"	"/home/kang/research/SIEVE_benchmark_pipeline_53/benchmark_results/simulated_data/results/converted_trees_dir/with_trunk_without_normal_dir/tree.0011"	196	54	0.275510204081633	0.659935359799762	0.99969062597393	0.112679697732791
100	5	20	0.001999	0.16334	0	0	12	"sieve"	"candidate_snvs"	"none_univ-fels_fixed_2"	"/home/kang/research/SIEVE_benchmark_pipeline_53/benchmark_results/sieve/from_candidate/phylogenetic_inference/stage2/none_univ-fels_fixed_2/0012/none_univ-fels_fixed_2_0012_simple.tree"	"/home/kang/research/SIEVE_benchmark_pipeline_53/benchmark_results/simulated_data/results/converted_trees_dir/with_trunk_without_normal_dir/tree.0012"	196	54	0.275510204081633	0.781527312110066	0.999707336273725	0.189492777513792
100	5	20	0.001999	0.16334	0	0	13	"sieve"	"candidate_snvs"	"none_univ-fels_fixed_2"	"/home/kang/research/SIEVE_benchmark_pipeline_53/benchmark_results/sieve/from_candidate/phylogenetic_inference/stage2/none_univ-fels_fixed_2/0013/none_univ-fels_fixed_2_0013_simple.tree"	"/home/kang/research/SIEVE_benchmark_pipeline_53/benchmark_results/simulated_data/results/converted_trees_dir/with_trunk_without_normal_dir/tree.0013"	196	48	0.244897959183673	0.62057273771957	0.99968725468078	0.124348866339386
100	5	20	0.001999	0.16334	0	0	14	"sieve"	"candidate_snvs"	"none_univ-fels_fixed_2"	"/home/kang/research/SIEVE_benchmark_pipeline_53/benchmark_results/sieve/from_candidate/phylogenetic_inference/stage2/none_univ-fels_fixed_2/0014/none_univ-fels_fixed_2_0014_simple.tree"	"/home/kang/research/SIEVE_benchmark_pipeline_53/benchmark_results/simulated_data/results/converted_trees_dir/with_trunk_without_normal_dir/tree.0014"	196	46	0.23469387755102	0.828398643688476	0.999713557712439	0.174468708860014
100	5	20	0.001999	0.16334	0	0	15	"sieve"	"candidate_snvs"	"none_univ-fels_fixed_2"	"/home/kang/research/SIEVE_benchmark_pipeline_53/benchmark_results/sieve/from_candidate/phylogenetic_inference/stage2/none_univ-fels_fixed_2/0015/none_univ-fels_fixed_2_0015_simple.tree"	"/home/kang/research/SIEVE_benchmark_pipeline_53/benchmark_results/simulated_data/results/converted_trees_dir/with_trunk_without_normal_dir/tree.0015"	196	48	0.244897959183673	0.836184893285842	0.999698565933339	0.160381382893679
100	5	20	0.001999	0.16334	0	0	16	"sieve"	"candidate_snvs"	"none_univ-fels_fixed_2"	"/home/kang/research/SIEVE_benchmark_pipeline_53/benchmark_results/sieve/from_candidate/phylogenetic_inference/stage2/none_univ-fels_fixed_2/0016/none_univ-fels_fixed_2_0016_simple.tree"	"/home/kang/research/SIEVE_benchmark_pipeline_53/benchmark_results/simulated_data/results/converted_trees_dir/with_trunk_without_normal_dir/tree.0016"	196	62	0.316326530612245	0.66723548132982	0.999707820676628	0.135072500744092
100	5	20	0.001999	0.16334	0	0	17	"sieve"	"candidate_snvs"	"none_univ-fels_fixed_2"	"/home/kang/research/SIEVE_benchmark_pipeline_53/benchmark_results/sieve/from_candidate/phylogenetic_inference/stage2/none_univ-fels_fixed_2/0017/none_univ-fels_fixed_2_0017_simple.tree"	"/home/kang/research/SIEVE_benchmark_pipeline_53/benchmark_results/simulated_data/results/converted_trees_dir/with_trunk_without_normal_dir/tree.0017"	196	54	0.275510204081633	0.86609207143856	0.999701765458523	0.182768746928151
100	5	20	0.001999	0.16334	0	0	18	"sieve"	"candidate_snvs"	"none_univ-fels_fixed_2"	"/home/kang/research/SIEVE_benchmark_pipeline_53/benchmark_results/sieve/from_candidate/phylogenetic_inference/stage2/none_univ-fels_fixed_2/0018/none_univ-fels_fixed_2_0018_simple.tree"	"/home/kang/research/SIEVE_benchmark_pipeline_53/benchmark_results/simulated_data/results/converted_trees_dir/with_trunk_without_normal_dir/tree.0018"	196	68	0.346938775510204	0.546421186432685	0.999667006280388	0.08755336128949
100	5	20	0.001999	0.16334	0	0	19	"sieve"	"candidate_snvs"	"none_univ-fels_fixed_2"	"/home/kang/research/SIEVE_benchmark_pipeline_53/benchmark_results/sieve/from_candidate/phylogenetic_inference/stage2/none_univ-fels_fixed_2/0019/none_univ-fels_fixed_2_0019_simple.tree"	"/home/kang/research/SIEVE_benchmark_pipeline_53/benchmark_results/simulated_data/results/converted_trees_dir/with_trunk_without_normal_dir/tree.0019"	196	42	0.214285714285714	0.81017702702101	0.999703257604591	0.171046839584959
100	5	20	0.001999	0.16334	0	0	20	"sieve"	"candidate_snvs"	"none_univ-fels_fixed_2"	"/home/kang/research/SIEVE_benchmark_pipeline_53/benchmark_results/sieve/from_candidate/phylogenetic_inference/stage2/none_univ-fels_fixed_2/0020/none_univ-fels_fixed_2_0020_simple.tree"	"/home/kang/research/SIEVE_benchmark_pipeline_53/benchmark_results/simulated_data/results/converted_trees_dir/with_trunk_without_normal_dir/tree.0020"	196	60	0.306122448979592	0.966664719661145	0.999701331704457	0.191490124513756
100	5	20	0.001999	0.16334	0	0	1	"cellphy"	"true_monovar_snvs"	"EP"	"/home/kang/research/SIEVE_benchmark_pipeline_53/benchmark_results/cellphy/from_true_monovar/0001/vcf_ep/0001.raxml.bestTree_formatted"	"/home/kang/research/SIEVE_benchmark_pipeline_53/benchmark_results/simulated_data/results/converted_trees_dir/without_trunk_without_normal_dir/tree.0001"	194	60	0.309278350515464	1.56231961611359	0.999867543954135	0.472032889538735
100	5	20	0.001999	0.16334	0	0	2	"cellphy"	"true_monovar_snvs"	"EP"	"/home/kang/research/SIEVE_benchmark_pipeline_53/benchmark_results/cellphy/from_true_monovar/0002/vcf_ep/0002.raxml.bestTree_formatted"	"/home/kang/research/SIEVE_benchmark_pipeline_53/benchmark_results/simulated_data/results/converted_trees_dir/without_trunk_without_normal_dir/tree.0002"	194	48	0.247422680412371	1.67097941783	0.999861998333402	0.393260638963228
100	5	20	0.001999	0.16334	0	0	3	"cellphy"	"true_monovar_snvs"	"EP"	"/home/kang/research/SIEVE_benchmark_pipeline_53/benchmark_results/cellphy/from_true_monovar/0003/vcf_ep/0003.raxml.bestTree_formatted"	"/home/kang/research/SIEVE_benchmark_pipeline_53/benchmark_results/simulated_data/results/converted_trees_dir/without_trunk_without_normal_dir/tree.0003"	194	52	0.268041237113402	1.81084468675033	0.999863493079207	0.375479029614538
100	5	20	0.001999	0.16334	0	0	4	"cellphy"	"true_monovar_snvs"	"EP"	"/home/kang/research/SIEVE_benchmark_pipeline_53/benchmark_results/cellphy/from_true_monovar/0004/vcf_ep/0004.raxml.bestTree_formatted"	"/home/kang/research/SIEVE_benchmark_pipeline_53/benchmark_results/simulated_data/results/converted_trees_dir/without_trunk_without_normal_dir/tree.0004"	194	60	0.309278350515464	1.66475920959829	0.999851760662965	0.496767769273697
100	5	20	0.001999	0.16334	0	0	5	"cellphy"	"true_monovar_snvs"	"EP"	"/home/kang/research/SIEVE_benchmark_pipeline_53/benchmark_results/cellphy/from_true_monovar/0005/vcf_ep/0005.raxml.bestTree_formatted"	"/home/kang/research/SIEVE_benchmark_pipeline_53/benchmark_results/simulated_data/results/converted_trees_dir/without_trunk_without_normal_dir/tree.0005"	194	48	0.247422680412371	1.70189034719861	0.999876664612014	0.368569675826517
100	5	20	0.001999	0.16334	0	0	6	"cellphy"	"true_monovar_snvs"	"EP"	"/home/kang/research/SIEVE_benchmark_pipeline_53/benchmark_results/cellphy/from_true_monovar/0006/vcf_ep/0006.raxml.bestTree_formatted"	"/home/kang/research/SIEVE_benchmark_pipeline_53/benchmark_results/simulated_data/results/converted_trees_dir/without_trunk_without_normal_dir/tree.0006"	194	54	0.278350515463918	1.68072639845611	0.999842769347311	0.417956072653668
100	5	20	0.001999	0.16334	0	0	7	"cellphy"	"true_monovar_snvs"	"EP"	"/home/kang/research/SIEVE_benchmark_pipeline_53/benchmark_results/cellphy/from_true_monovar/0007/vcf_ep/0007.raxml.bestTree_formatted"	"/home/kang/research/SIEVE_benchmark_pipeline_53/benchmark_results/simulated_data/results/converted_trees_dir/without_trunk_without_normal_dir/tree.0007"	194	52	0.268041237113402	1.58867395711242	0.999857264474231	0.455299503270815
100	5	20	0.001999	0.16334	0	0	8	"cellphy"	"true_monovar_snvs"	"EP"	"/home/kang/research/SIEVE_benchmark_pipeline_53/benchmark_results/cellphy/from_true_monovar/0008/vcf_ep/0008.raxml.bestTree_formatted"	"/home/kang/research/SIEVE_benchmark_pipeline_53/benchmark_results/simulated_data/results/converted_trees_dir/without_trunk_without_normal_dir/tree.0008"	194	54	0.278350515463918	1.70973783468579	0.999871326347288	0.346174066285542
100	5	20	0.001999	0.16334	0	0	9	"cellphy"	"true_monovar_snvs"	"EP"	"/home/kang/research/SIEVE_benchmark_pipeline_53/benchmark_results/cellphy/from_true_monovar/0009/vcf_ep/0009.raxml.bestTree_formatted"	"/home/kang/research/SIEVE_benchmark_pipeline_53/benchmark_results/simulated_data/results/converted_trees_dir/without_trunk_without_normal_dir/tree.0009"	194	66	0.34020618556701	1.81354229299398	0.999854315676281	0.351793113696607
100	5	20	0.001999	0.16334	0	0	10	"cellphy"	"true_monovar_snvs"	"EP"	"/home/kang/research/SIEVE_benchmark_pipeline_53/benchmark_results/cellphy/from_true_monovar/0010/vcf_ep/0010.raxml.bestTree_formatted"	"/home/kang/research/SIEVE_benchmark_pipeline_53/benchmark_results/simulated_data/results/converted_trees_dir/without_trunk_without_normal_dir/tree.0010"	194	70	0.360824742268041	1.80503787400505	0.999880931450382	0.316638825038288
100	5	20	0.001999	0.16334	0	0	11	"cellphy"	"true_monovar_snvs"	"EP"	"/home/kang/research/SIEVE_benchmark_pipeline_53/benchmark_results/cellphy/from_true_monovar/0011/vcf_ep/0011.raxml.bestTree_formatted"	"/home/kang/research/SIEVE_benchmark_pipeline_53/benchmark_results/simulated_data/results/converted_trees_dir/without_trunk_without_normal_dir/tree.0011"	194	56	0.288659793814433	1.64130233500252	0.999876025497619	0.354327928800151
100	5	20	0.001999	0.16334	0	0	12	"cellphy"	"true_monovar_snvs"	"EP"	"/home/kang/research/SIEVE_benchmark_pipeline_53/benchmark_results/cellphy/from_true_monovar/0012/vcf_ep/0012.raxml.bestTree_formatted"	"/home/kang/research/SIEVE_benchmark_pipeline_53/benchmark_results/simulated_data/results/converted_trees_dir/without_trunk_without_normal_dir/tree.0012"	194	54	0.278350515463918	1.656551916409	0.999864267465705	0.564886701919953
100	5	20	0.001999	0.16334	0	0	13	"cellphy"	"true_monovar_snvs"	"EP"	"/home/kang/research/SIEVE_benchmark_pipeline_53/benchmark_results/cellphy/from_true_monovar/0013/vcf_ep/0013.raxml.bestTree_formatted"	"/home/kang/research/SIEVE_benchmark_pipeline_53/benchmark_results/simulated_data/results/converted_trees_dir/without_trunk_without_normal_dir/tree.0013"	194	58	0.298969072164948	1.58406595044591	0.999878799725378	0.445536347339832
100	5	20	0.001999	0.16334	0	0	14	"cellphy"	"true_monovar_snvs"	"EP"	"/home/kang/research/SIEVE_benchmark_pipeline_53/benchmark_results/cellphy/from_true_monovar/0014/vcf_ep/0014.raxml.bestTree_formatted"	"/home/kang/research/SIEVE_benchmark_pipeline_53/benchmark_results/simulated_data/results/converted_trees_dir/without_trunk_without_normal_dir/tree.0014"	194	72	0.371134020618557	1.60411813720143	0.99985571378565	0.458790867261707
100	5	20	0.001999	0.16334	0	0	15	"cellphy"	"true_monovar_snvs"	"EP"	"/home/kang/research/SIEVE_benchmark_pipeline_53/benchmark_results/cellphy/from_true_monovar/0015/vcf_ep/0015.raxml.bestTree_formatted"	"/home/kang/research/SIEVE_benchmark_pipeline_53/benchmark_results/simulated_data/results/converted_trees_dir/without_trunk_without_normal_dir/tree.0015"	194	60	0.309278350515464	1.7649505906933	0.999858851502067	0.342455779390043
100	5	20	0.001999	0.16334	0	0	16	"cellphy"	"true_monovar_snvs"	"EP"	"/home/kang/research/SIEVE_benchmark_pipeline_53/benchmark_results/cellphy/from_true_monovar/0016/vcf_ep/0016.raxml.bestTree_formatted"	"/home/kang/research/SIEVE_benchmark_pipeline_53/benchmark_results/simulated_data/results/converted_trees_dir/without_trunk_without_normal_dir/tree.0016"	194	66	0.34020618556701	1.61266138462245	0.999880979990889	0.373095398083123
100	5	20	0.001999	0.16334	0	0	17	"cellphy"	"true_monovar_snvs"	"EP"	"/home/kang/research/SIEVE_benchmark_pipeline_53/benchmark_results/cellphy/from_true_monovar/0017/vcf_ep/0017.raxml.bestTree_formatted"	"/home/kang/research/SIEVE_benchmark_pipeline_53/benchmark_results/simulated_data/results/converted_trees_dir/without_trunk_without_normal_dir/tree.0017"	194	56	0.288659793814433	1.62313259198836	0.999841765666394	0.469364780958753
100	5	20	0.001999	0.16334	0	0	18	"cellphy"	"true_monovar_snvs"	"EP"	"/home/kang/research/SIEVE_benchmark_pipeline_53/benchmark_results/cellphy/from_true_monovar/0018/vcf_ep/0018.raxml.bestTree_formatted"	"/home/kang/research/SIEVE_benchmark_pipeline_53/benchmark_results/simulated_data/results/converted_trees_dir/without_trunk_without_normal_dir/tree.0018"	194	76	0.391752577319588	1.78953962411539	0.999899230682969	0.280029889811546
100	5	20	0.001999	0.16334	0	0	19	"cellphy"	"true_monovar_snvs"	"EP"	"/home/kang/research/SIEVE_benchmark_pipeline_53/benchmark_results/cellphy/from_true_monovar/0019/vcf_ep/0019.raxml.bestTree_formatted"	"/home/kang/research/SIEVE_benchmark_pipeline_53/benchmark_results/simulated_data/results/converted_trees_dir/without_trunk_without_normal_dir/tree.0019"	194	58	0.298969072164948	1.67300126325549	0.999861738272877	0.470876314530369
100	5	20	0.001999	0.16334	0	0	20	"cellphy"	"true_monovar_snvs"	"EP"	"/home/kang/research/SIEVE_benchmark_pipeline_53/benchmark_results/cellphy/from_true_monovar/0020/vcf_ep/0020.raxml.bestTree_formatted"	"/home/kang/research/SIEVE_benchmark_pipeline_53/benchmark_results/simulated_data/results/converted_trees_dir/without_trunk_without_normal_dir/tree.0020"	194	62	0.319587628865979	1.6957438092234	0.999829784898955	0.378763182346608
100	5	20	0.001999	0.16334	0	0	1	"sifit"	"true_monovar_snvs"	"true_parameters"	"/home/kang/research/SIEVE_benchmark_pipeline_53/benchmark_results/sifit/from_true_monovar/from_true_params/0001/data_mlTree.newick"	"/home/kang/research/SIEVE_benchmark_pipeline_53/benchmark_results/simulated_data/results/converted_trees_dir/without_trunk_without_normal_dir/tree.0001"	196	70	0.357142857142857	1.70388757169311	0.999879034663295	0.42161365011222
100	5	20	0.001999	0.16334	0	0	2	"sifit"	"true_monovar_snvs"	"true_parameters"	"/home/kang/research/SIEVE_benchmark_pipeline_53/benchmark_results/sifit/from_true_monovar/from_true_params/0002/data_mlTree.newick"	"/home/kang/research/SIEVE_benchmark_pipeline_53/benchmark_results/simulated_data/results/converted_trees_dir/without_trunk_without_normal_dir/tree.0002"	196	82	0.418367346938776	1.62811369662709	0.999871369933205	0.335988003492042
100	5	20	0.001999	0.16334	0	0	3	"sifit"	"true_monovar_snvs"	"true_parameters"	"/home/kang/research/SIEVE_benchmark_pipeline_53/benchmark_results/sifit/from_true_monovar/from_true_params/0003/data_mlTree.newick"	"/home/kang/research/SIEVE_benchmark_pipeline_53/benchmark_results/simulated_data/results/converted_trees_dir/without_trunk_without_normal_dir/tree.0003"	196	54	0.275510204081633	1.56535044206307	0.999843654664647	0.323546150537384
100	5	20	0.001999	0.16334	0	0	4	"sifit"	"true_monovar_snvs"	"true_parameters"	"/home/kang/research/SIEVE_benchmark_pipeline_53/benchmark_results/sifit/from_true_monovar/from_true_params/0004/data_mlTree.newick"	"/home/kang/research/SIEVE_benchmark_pipeline_53/benchmark_results/simulated_data/results/converted_trees_dir/without_trunk_without_normal_dir/tree.0004"	196	56	0.285714285714286	1.75236753656577	0.999856878209889	0.437180346790506
100	5	20	0.001999	0.16334	0	0	5	"sifit"	"true_monovar_snvs"	"true_parameters"	"/home/kang/research/SIEVE_benchmark_pipeline_53/benchmark_results/sifit/from_true_monovar/from_true_params/0005/data_mlTree.newick"	"/home/kang/research/SIEVE_benchmark_pipeline_53/benchmark_results/simulated_data/results/converted_trees_dir/without_trunk_without_normal_dir/tree.0005"	196	52	0.26530612244898	1.50163606974882	0.999859129539329	0.298113386198925
100	5	20	0.001999	0.16334	0	0	6	"sifit"	"true_monovar_snvs"	"true_parameters"	"/home/kang/research/SIEVE_benchmark_pipeline_53/benchmark_results/sifit/from_true_monovar/from_true_params/0006/data_mlTree.newick"	"/home/kang/research/SIEVE_benchmark_pipeline_53/benchmark_results/simulated_data/results/converted_trees_dir/without_trunk_without_normal_dir/tree.0006"	196	56	0.285714285714286	1.70660424115512	0.999845398213518	0.361297484514944
100	5	20	0.001999	0.16334	0	0	7	"sifit"	"true_monovar_snvs"	"true_parameters"	"/home/kang/research/SIEVE_benchmark_pipeline_53/benchmark_results/sifit/from_true_monovar/from_true_params/0007/data_mlTree.newick"	"/home/kang/research/SIEVE_benchmark_pipeline_53/benchmark_results/simulated_data/results/converted_trees_dir/without_trunk_without_normal_dir/tree.0007"	196	62	0.316326530612245	1.63845888506026	0.999862609179807	0.374567900860122
100	5	20	0.001999	0.16334	0	0	8	"sifit"	"true_monovar_snvs"	"true_parameters"	"/home/kang/research/SIEVE_benchmark_pipeline_53/benchmark_results/sifit/from_true_monovar/from_true_params/0008/data_mlTree.newick"	"/home/kang/research/SIEVE_benchmark_pipeline_53/benchmark_results/simulated_data/results/converted_trees_dir/without_trunk_without_normal_dir/tree.0008"	196	56	0.285714285714286	1.49666005500081	0.9998538612021	0.282380397674974
100	5	20	0.001999	0.16334	0	0	9	"sifit"	"true_monovar_snvs"	"true_parameters"	"/home/kang/research/SIEVE_benchmark_pipeline_53/benchmark_results/sifit/from_true_monovar/from_true_params/0009/data_mlTree.newick"	"/home/kang/research/SIEVE_benchmark_pipeline_53/benchmark_results/simulated_data/results/converted_trees_dir/without_trunk_without_normal_dir/tree.0009"	196	68	0.346938775510204	1.55567043302661	0.99982764012635	0.289465794174602
100	5	20	0.001999	0.16334	0	0	10	"sifit"	"true_monovar_snvs"	"true_parameters"	"/home/kang/research/SIEVE_benchmark_pipeline_53/benchmark_results/sifit/from_true_monovar/from_true_params/0010/data_mlTree.newick"	"/home/kang/research/SIEVE_benchmark_pipeline_53/benchmark_results/simulated_data/results/converted_trees_dir/without_trunk_without_normal_dir/tree.0010"	196	72	0.36734693877551	1.46413896797887	0.999854317294501	0.276334922909104
100	5	20	0.001999	0.16334	0	0	11	"sifit"	"true_monovar_snvs"	"true_parameters"	"/home/kang/research/SIEVE_benchmark_pipeline_53/benchmark_results/sifit/from_true_monovar/from_true_params/0011/data_mlTree.newick"	"/home/kang/research/SIEVE_benchmark_pipeline_53/benchmark_results/simulated_data/results/converted_trees_dir/without_trunk_without_normal_dir/tree.0011"	196	58	0.295918367346939	1.49695497835602	0.999866309123971	0.288649659000284
100	5	20	0.001999	0.16334	0	0	12	"sifit"	"true_monovar_snvs"	"true_parameters"	"/home/kang/research/SIEVE_benchmark_pipeline_53/benchmark_results/sifit/from_true_monovar/from_true_params/0012/data_mlTree.newick"	"/home/kang/research/SIEVE_benchmark_pipeline_53/benchmark_results/simulated_data/results/converted_trees_dir/without_trunk_without_normal_dir/tree.0012"	196	58	0.295918367346939	1.83947001312015	0.999876277826908	0.47979072727212
100	5	20	0.001999	0.16334	0	0	13	"sifit"	"true_monovar_snvs"	"true_parameters"	"/home/kang/research/SIEVE_benchmark_pipeline_53/benchmark_results/sifit/from_true_monovar/from_true_params/0013/data_mlTree.newick"	"/home/kang/research/SIEVE_benchmark_pipeline_53/benchmark_results/simulated_data/results/converted_trees_dir/without_trunk_without_normal_dir/tree.0013"	196	64	0.326530612244898	1.61651160790442	0.999881143763123	0.372195687922475
100	5	20	0.001999	0.16334	0	0	14	"sifit"	"true_monovar_snvs"	"true_parameters"	"/home/kang/research/SIEVE_benchmark_pipeline_53/benchmark_results/sifit/from_true_monovar/from_true_params/0014/data_mlTree.newick"	"/home/kang/research/SIEVE_benchmark_pipeline_53/benchmark_results/simulated_data/results/converted_trees_dir/without_trunk_without_normal_dir/tree.0014"	196	76	0.387755102040816	1.69911727637837	0.999864837306074	0.391739818067561
100	5	20	0.001999	0.16334	0	0	15	"sifit"	"true_monovar_snvs"	"true_parameters"	"/home/kang/research/SIEVE_benchmark_pipeline_53/benchmark_results/sifit/from_true_monovar/from_true_params/0015/data_mlTree.newick"	"/home/kang/research/SIEVE_benchmark_pipeline_53/benchmark_results/simulated_data/results/converted_trees_dir/without_trunk_without_normal_dir/tree.0015"	196	58	0.295918367346939	1.66964886686967	0.999850786569708	0.34423395252298
100	5	20	0.001999	0.16334	0	0	16	"sifit"	"true_monovar_snvs"	"true_parameters"	"/home/kang/research/SIEVE_benchmark_pipeline_53/benchmark_results/sifit/from_true_monovar/from_true_params/0016/data_mlTree.newick"	"/home/kang/research/SIEVE_benchmark_pipeline_53/benchmark_results/simulated_data/results/converted_trees_dir/without_trunk_without_normal_dir/tree.0016"	196	74	0.377551020408163	1.65745008822964	0.99988393393302	0.355849151325501
100	5	20	0.001999	0.16334	0	0	17	"sifit"	"true_monovar_snvs"	"true_parameters"	"/home/kang/research/SIEVE_benchmark_pipeline_53/benchmark_results/sifit/from_true_monovar/from_true_params/0017/data_mlTree.newick"	"/home/kang/research/SIEVE_benchmark_pipeline_53/benchmark_results/simulated_data/results/converted_trees_dir/without_trunk_without_normal_dir/tree.0017"	196	52	0.26530612244898	1.77027775009324	0.999855286175783	0.419252660971819
100	5	20	0.001999	0.16334	0	0	18	"sifit"	"true_monovar_snvs"	"true_parameters"	"/home/kang/research/SIEVE_benchmark_pipeline_53/benchmark_results/sifit/from_true_monovar/from_true_params/0018/data_mlTree.newick"	"/home/kang/research/SIEVE_benchmark_pipeline_53/benchmark_results/simulated_data/results/converted_trees_dir/without_trunk_without_normal_dir/tree.0018"	196	68	0.346938775510204	1.39609048851912	0.999870049738622	0.22884864052293
100	5	20	0.001999	0.16334	0	0	19	"sifit"	"true_monovar_snvs"	"true_parameters"	"/home/kang/research/SIEVE_benchmark_pipeline_53/benchmark_results/sifit/from_true_monovar/from_true_params/0019/data_mlTree.newick"	"/home/kang/research/SIEVE_benchmark_pipeline_53/benchmark_results/simulated_data/results/converted_trees_dir/without_trunk_without_normal_dir/tree.0019"	196	48	0.244897959183673	1.74014833024919	0.999865228368107	0.394528719766535
100	5	20	0.001999	0.16334	0	0	20	"sifit"	"true_monovar_snvs"	"true_parameters"	"/home/kang/research/SIEVE_benchmark_pipeline_53/benchmark_results/sifit/from_true_monovar/from_true_params/0020/data_mlTree.newick"	"/home/kang/research/SIEVE_benchmark_pipeline_53/benchmark_results/simulated_data/results/converted_trees_dir/without_trunk_without_normal_dir/tree.0020"	196	68	0.346938775510204	1.6695960649078	0.999827794435754	0.340490112199027
