"cell_num"	"coverage_mean"	"coverage_variance"	"eff_seq_err_rate"	"ado_rate"	"deletion_rate"	"insertion_rate"	"dataset"	"tool"	"snv_type"	"tool_setup"	"fine_tune_type"	"data_type"	"inferred_tree"	"real_tree"	"max_clades"	"RF_distance"	"normalized_RF_distance"	"weighted_RF_distance"	"normalized_weighted_RF_distance"	"rooted_branch_score_difference"
40	20	10	0.001999	0.16334	0	0	1	"sciphi"	"candidate_snvs"	NA	NA	"exc_cnv"	"/home/kang/research/SIEVE_benchmark_pipeline_04_01/benchmark_results/sciphi/exc_cnv/0001/sciphi/best_index/tree.nexus"	"/home/kang/research/SIEVE_benchmark_pipeline_04_01/benchmark_results/simulated_data/results/converted_trees_dir/with_trunk_without_normal_dir/tree.0001"	76	4	0.0526315789473684	NA	NA	NA
40	20	10	0.001999	0.16334	0	0	1	"sciphi"	"candidate_snvs"	NA	NA	"inc_cnv"	"/home/kang/research/SIEVE_benchmark_pipeline_04_01/benchmark_results/sciphi/inc_cnv/0001/sciphi/best_index/tree.nexus"	"/home/kang/research/SIEVE_benchmark_pipeline_04_01/benchmark_results/simulated_data/results/converted_trees_dir/with_trunk_without_normal_dir/tree.0001"	76	4	0.0526315789473684	NA	NA	NA
40	20	10	0.001999	0.16334	0	0	2	"sciphi"	"candidate_snvs"	NA	NA	"exc_cnv"	"/home/kang/research/SIEVE_benchmark_pipeline_04_01/benchmark_results/sciphi/exc_cnv/0002/sciphi/best_index/tree.nexus"	"/home/kang/research/SIEVE_benchmark_pipeline_04_01/benchmark_results/simulated_data/results/converted_trees_dir/with_trunk_without_normal_dir/tree.0002"	76	10	0.131578947368421	NA	NA	NA
40	20	10	0.001999	0.16334	0	0	2	"sciphi"	"candidate_snvs"	NA	NA	"inc_cnv"	"/home/kang/research/SIEVE_benchmark_pipeline_04_01/benchmark_results/sciphi/inc_cnv/0002/sciphi/best_index/tree.nexus"	"/home/kang/research/SIEVE_benchmark_pipeline_04_01/benchmark_results/simulated_data/results/converted_trees_dir/with_trunk_without_normal_dir/tree.0002"	76	10	0.131578947368421	NA	NA	NA
40	20	10	0.001999	0.16334	0	0	3	"sciphi"	"candidate_snvs"	NA	NA	"exc_cnv"	"/home/kang/research/SIEVE_benchmark_pipeline_04_01/benchmark_results/sciphi/exc_cnv/0003/sciphi/best_index/tree.nexus"	"/home/kang/research/SIEVE_benchmark_pipeline_04_01/benchmark_results/simulated_data/results/converted_trees_dir/with_trunk_without_normal_dir/tree.0003"	76	4	0.0526315789473684	NA	NA	NA
40	20	10	0.001999	0.16334	0	0	3	"sciphi"	"candidate_snvs"	NA	NA	"inc_cnv"	"/home/kang/research/SIEVE_benchmark_pipeline_04_01/benchmark_results/sciphi/inc_cnv/0003/sciphi/best_index/tree.nexus"	"/home/kang/research/SIEVE_benchmark_pipeline_04_01/benchmark_results/simulated_data/results/converted_trees_dir/with_trunk_without_normal_dir/tree.0003"	76	8	0.105263157894737	NA	NA	NA
40	20	10	0.001999	0.16334	0	0	4	"sciphi"	"candidate_snvs"	NA	NA	"exc_cnv"	"/home/kang/research/SIEVE_benchmark_pipeline_04_01/benchmark_results/sciphi/exc_cnv/0004/sciphi/best_index/tree.nexus"	"/home/kang/research/SIEVE_benchmark_pipeline_04_01/benchmark_results/simulated_data/results/converted_trees_dir/with_trunk_without_normal_dir/tree.0004"	76	8	0.105263157894737	NA	NA	NA
40	20	10	0.001999	0.16334	0	0	4	"sciphi"	"candidate_snvs"	NA	NA	"inc_cnv"	"/home/kang/research/SIEVE_benchmark_pipeline_04_01/benchmark_results/sciphi/inc_cnv/0004/sciphi/best_index/tree.nexus"	"/home/kang/research/SIEVE_benchmark_pipeline_04_01/benchmark_results/simulated_data/results/converted_trees_dir/with_trunk_without_normal_dir/tree.0004"	76	6	0.0789473684210526	NA	NA	NA
40	20	10	0.001999	0.16334	0	0	5	"sciphi"	"candidate_snvs"	NA	NA	"exc_cnv"	"/home/kang/research/SIEVE_benchmark_pipeline_04_01/benchmark_results/sciphi/exc_cnv/0005/sciphi/best_index/tree.nexus"	"/home/kang/research/SIEVE_benchmark_pipeline_04_01/benchmark_results/simulated_data/results/converted_trees_dir/with_trunk_without_normal_dir/tree.0005"	76	14	0.184210526315789	NA	NA	NA
40	20	10	0.001999	0.16334	0	0	5	"sciphi"	"candidate_snvs"	NA	NA	"inc_cnv"	"/home/kang/research/SIEVE_benchmark_pipeline_04_01/benchmark_results/sciphi/inc_cnv/0005/sciphi/best_index/tree.nexus"	"/home/kang/research/SIEVE_benchmark_pipeline_04_01/benchmark_results/simulated_data/results/converted_trees_dir/with_trunk_without_normal_dir/tree.0005"	76	10	0.131578947368421	NA	NA	NA
40	20	10	0.001999	0.16334	0	0	6	"sciphi"	"candidate_snvs"	NA	NA	"exc_cnv"	"/home/kang/research/SIEVE_benchmark_pipeline_04_01/benchmark_results/sciphi/exc_cnv/0006/sciphi/best_index/tree.nexus"	"/home/kang/research/SIEVE_benchmark_pipeline_04_01/benchmark_results/simulated_data/results/converted_trees_dir/with_trunk_without_normal_dir/tree.0006"	76	6	0.0789473684210526	NA	NA	NA
40	20	10	0.001999	0.16334	0	0	6	"sciphi"	"candidate_snvs"	NA	NA	"inc_cnv"	"/home/kang/research/SIEVE_benchmark_pipeline_04_01/benchmark_results/sciphi/inc_cnv/0006/sciphi/best_index/tree.nexus"	"/home/kang/research/SIEVE_benchmark_pipeline_04_01/benchmark_results/simulated_data/results/converted_trees_dir/with_trunk_without_normal_dir/tree.0006"	76	2	0.0263157894736842	NA	NA	NA
40	20	10	0.001999	0.16334	0	0	7	"sciphi"	"candidate_snvs"	NA	NA	"exc_cnv"	"/home/kang/research/SIEVE_benchmark_pipeline_04_01/benchmark_results/sciphi/exc_cnv/0007/sciphi/best_index/tree.nexus"	"/home/kang/research/SIEVE_benchmark_pipeline_04_01/benchmark_results/simulated_data/results/converted_trees_dir/with_trunk_without_normal_dir/tree.0007"	76	4	0.0526315789473684	NA	NA	NA
40	20	10	0.001999	0.16334	0	0	7	"sciphi"	"candidate_snvs"	NA	NA	"inc_cnv"	"/home/kang/research/SIEVE_benchmark_pipeline_04_01/benchmark_results/sciphi/inc_cnv/0007/sciphi/best_index/tree.nexus"	"/home/kang/research/SIEVE_benchmark_pipeline_04_01/benchmark_results/simulated_data/results/converted_trees_dir/with_trunk_without_normal_dir/tree.0007"	76	4	0.0526315789473684	NA	NA	NA
40	20	10	0.001999	0.16334	0	0	8	"sciphi"	"candidate_snvs"	NA	NA	"exc_cnv"	"/home/kang/research/SIEVE_benchmark_pipeline_04_01/benchmark_results/sciphi/exc_cnv/0008/sciphi/best_index/tree.nexus"	"/home/kang/research/SIEVE_benchmark_pipeline_04_01/benchmark_results/simulated_data/results/converted_trees_dir/with_trunk_without_normal_dir/tree.0008"	76	10	0.131578947368421	NA	NA	NA
40	20	10	0.001999	0.16334	0	0	8	"sciphi"	"candidate_snvs"	NA	NA	"inc_cnv"	"/home/kang/research/SIEVE_benchmark_pipeline_04_01/benchmark_results/sciphi/inc_cnv/0008/sciphi/best_index/tree.nexus"	"/home/kang/research/SIEVE_benchmark_pipeline_04_01/benchmark_results/simulated_data/results/converted_trees_dir/with_trunk_without_normal_dir/tree.0008"	76	10	0.131578947368421	NA	NA	NA
40	20	10	0.001999	0.16334	0	0	9	"sciphi"	"candidate_snvs"	NA	NA	"exc_cnv"	"/home/kang/research/SIEVE_benchmark_pipeline_04_01/benchmark_results/sciphi/exc_cnv/0009/sciphi/best_index/tree.nexus"	"/home/kang/research/SIEVE_benchmark_pipeline_04_01/benchmark_results/simulated_data/results/converted_trees_dir/with_trunk_without_normal_dir/tree.0009"	76	8	0.105263157894737	NA	NA	NA
40	20	10	0.001999	0.16334	0	0	9	"sciphi"	"candidate_snvs"	NA	NA	"inc_cnv"	"/home/kang/research/SIEVE_benchmark_pipeline_04_01/benchmark_results/sciphi/inc_cnv/0009/sciphi/best_index/tree.nexus"	"/home/kang/research/SIEVE_benchmark_pipeline_04_01/benchmark_results/simulated_data/results/converted_trees_dir/with_trunk_without_normal_dir/tree.0009"	76	6	0.0789473684210526	NA	NA	NA
40	20	10	0.001999	0.16334	0	0	10	"sciphi"	"candidate_snvs"	NA	NA	"exc_cnv"	"/home/kang/research/SIEVE_benchmark_pipeline_04_01/benchmark_results/sciphi/exc_cnv/0010/sciphi/best_index/tree.nexus"	"/home/kang/research/SIEVE_benchmark_pipeline_04_01/benchmark_results/simulated_data/results/converted_trees_dir/with_trunk_without_normal_dir/tree.0010"	76	12	0.157894736842105	NA	NA	NA
40	20	10	0.001999	0.16334	0	0	10	"sciphi"	"candidate_snvs"	NA	NA	"inc_cnv"	"/home/kang/research/SIEVE_benchmark_pipeline_04_01/benchmark_results/sciphi/inc_cnv/0010/sciphi/best_index/tree.nexus"	"/home/kang/research/SIEVE_benchmark_pipeline_04_01/benchmark_results/simulated_data/results/converted_trees_dir/with_trunk_without_normal_dir/tree.0010"	76	12	0.157894736842105	NA	NA	NA
40	20	10	0.001999	0.16334	0	0	11	"sciphi"	"candidate_snvs"	NA	NA	"exc_cnv"	"/home/kang/research/SIEVE_benchmark_pipeline_04_01/benchmark_results/sciphi/exc_cnv/0011/sciphi/best_index/tree.nexus"	"/home/kang/research/SIEVE_benchmark_pipeline_04_01/benchmark_results/simulated_data/results/converted_trees_dir/with_trunk_without_normal_dir/tree.0011"	76	12	0.157894736842105	NA	NA	NA
40	20	10	0.001999	0.16334	0	0	11	"sciphi"	"candidate_snvs"	NA	NA	"inc_cnv"	"/home/kang/research/SIEVE_benchmark_pipeline_04_01/benchmark_results/sciphi/inc_cnv/0011/sciphi/best_index/tree.nexus"	"/home/kang/research/SIEVE_benchmark_pipeline_04_01/benchmark_results/simulated_data/results/converted_trees_dir/with_trunk_without_normal_dir/tree.0011"	76	14	0.184210526315789	NA	NA	NA
40	20	10	0.001999	0.16334	0	0	12	"sciphi"	"candidate_snvs"	NA	NA	"exc_cnv"	"/home/kang/research/SIEVE_benchmark_pipeline_04_01/benchmark_results/sciphi/exc_cnv/0012/sciphi/best_index/tree.nexus"	"/home/kang/research/SIEVE_benchmark_pipeline_04_01/benchmark_results/simulated_data/results/converted_trees_dir/with_trunk_without_normal_dir/tree.0012"	76	8	0.105263157894737	NA	NA	NA
40	20	10	0.001999	0.16334	0	0	12	"sciphi"	"candidate_snvs"	NA	NA	"inc_cnv"	"/home/kang/research/SIEVE_benchmark_pipeline_04_01/benchmark_results/sciphi/inc_cnv/0012/sciphi/best_index/tree.nexus"	"/home/kang/research/SIEVE_benchmark_pipeline_04_01/benchmark_results/simulated_data/results/converted_trees_dir/with_trunk_without_normal_dir/tree.0012"	76	10	0.131578947368421	NA	NA	NA
40	20	10	0.001999	0.16334	0	0	13	"sciphi"	"candidate_snvs"	NA	NA	"exc_cnv"	"/home/kang/research/SIEVE_benchmark_pipeline_04_01/benchmark_results/sciphi/exc_cnv/0013/sciphi/best_index/tree.nexus"	"/home/kang/research/SIEVE_benchmark_pipeline_04_01/benchmark_results/simulated_data/results/converted_trees_dir/with_trunk_without_normal_dir/tree.0013"	76	4	0.0526315789473684	NA	NA	NA
40	20	10	0.001999	0.16334	0	0	13	"sciphi"	"candidate_snvs"	NA	NA	"inc_cnv"	"/home/kang/research/SIEVE_benchmark_pipeline_04_01/benchmark_results/sciphi/inc_cnv/0013/sciphi/best_index/tree.nexus"	"/home/kang/research/SIEVE_benchmark_pipeline_04_01/benchmark_results/simulated_data/results/converted_trees_dir/with_trunk_without_normal_dir/tree.0013"	76	4	0.0526315789473684	NA	NA	NA
40	20	10	0.001999	0.16334	0	0	14	"sciphi"	"candidate_snvs"	NA	NA	"exc_cnv"	"/home/kang/research/SIEVE_benchmark_pipeline_04_01/benchmark_results/sciphi/exc_cnv/0014/sciphi/best_index/tree.nexus"	"/home/kang/research/SIEVE_benchmark_pipeline_04_01/benchmark_results/simulated_data/results/converted_trees_dir/with_trunk_without_normal_dir/tree.0014"	76	6	0.0789473684210526	NA	NA	NA
40	20	10	0.001999	0.16334	0	0	14	"sciphi"	"candidate_snvs"	NA	NA	"inc_cnv"	"/home/kang/research/SIEVE_benchmark_pipeline_04_01/benchmark_results/sciphi/inc_cnv/0014/sciphi/best_index/tree.nexus"	"/home/kang/research/SIEVE_benchmark_pipeline_04_01/benchmark_results/simulated_data/results/converted_trees_dir/with_trunk_without_normal_dir/tree.0014"	76	6	0.0789473684210526	NA	NA	NA
40	20	10	0.001999	0.16334	0	0	15	"sciphi"	"candidate_snvs"	NA	NA	"exc_cnv"	"/home/kang/research/SIEVE_benchmark_pipeline_04_01/benchmark_results/sciphi/exc_cnv/0015/sciphi/best_index/tree.nexus"	"/home/kang/research/SIEVE_benchmark_pipeline_04_01/benchmark_results/simulated_data/results/converted_trees_dir/with_trunk_without_normal_dir/tree.0015"	76	6	0.0789473684210526	NA	NA	NA
40	20	10	0.001999	0.16334	0	0	15	"sciphi"	"candidate_snvs"	NA	NA	"inc_cnv"	"/home/kang/research/SIEVE_benchmark_pipeline_04_01/benchmark_results/sciphi/inc_cnv/0015/sciphi/best_index/tree.nexus"	"/home/kang/research/SIEVE_benchmark_pipeline_04_01/benchmark_results/simulated_data/results/converted_trees_dir/with_trunk_without_normal_dir/tree.0015"	76	12	0.157894736842105	NA	NA	NA
40	20	10	0.001999	0.16334	0	0	16	"sciphi"	"candidate_snvs"	NA	NA	"exc_cnv"	"/home/kang/research/SIEVE_benchmark_pipeline_04_01/benchmark_results/sciphi/exc_cnv/0016/sciphi/best_index/tree.nexus"	"/home/kang/research/SIEVE_benchmark_pipeline_04_01/benchmark_results/simulated_data/results/converted_trees_dir/with_trunk_without_normal_dir/tree.0016"	76	6	0.0789473684210526	NA	NA	NA
40	20	10	0.001999	0.16334	0	0	16	"sciphi"	"candidate_snvs"	NA	NA	"inc_cnv"	"/home/kang/research/SIEVE_benchmark_pipeline_04_01/benchmark_results/sciphi/inc_cnv/0016/sciphi/best_index/tree.nexus"	"/home/kang/research/SIEVE_benchmark_pipeline_04_01/benchmark_results/simulated_data/results/converted_trees_dir/with_trunk_without_normal_dir/tree.0016"	76	4	0.0526315789473684	NA	NA	NA
40	20	10	0.001999	0.16334	0	0	17	"sciphi"	"candidate_snvs"	NA	NA	"exc_cnv"	"/home/kang/research/SIEVE_benchmark_pipeline_04_01/benchmark_results/sciphi/exc_cnv/0017/sciphi/best_index/tree.nexus"	"/home/kang/research/SIEVE_benchmark_pipeline_04_01/benchmark_results/simulated_data/results/converted_trees_dir/with_trunk_without_normal_dir/tree.0017"	76	6	0.0789473684210526	NA	NA	NA
40	20	10	0.001999	0.16334	0	0	17	"sciphi"	"candidate_snvs"	NA	NA	"inc_cnv"	"/home/kang/research/SIEVE_benchmark_pipeline_04_01/benchmark_results/sciphi/inc_cnv/0017/sciphi/best_index/tree.nexus"	"/home/kang/research/SIEVE_benchmark_pipeline_04_01/benchmark_results/simulated_data/results/converted_trees_dir/with_trunk_without_normal_dir/tree.0017"	76	4	0.0526315789473684	NA	NA	NA
40	20	10	0.001999	0.16334	0	0	18	"sciphi"	"candidate_snvs"	NA	NA	"exc_cnv"	"/home/kang/research/SIEVE_benchmark_pipeline_04_01/benchmark_results/sciphi/exc_cnv/0018/sciphi/best_index/tree.nexus"	"/home/kang/research/SIEVE_benchmark_pipeline_04_01/benchmark_results/simulated_data/results/converted_trees_dir/with_trunk_without_normal_dir/tree.0018"	76	8	0.105263157894737	NA	NA	NA
40	20	10	0.001999	0.16334	0	0	18	"sciphi"	"candidate_snvs"	NA	NA	"inc_cnv"	"/home/kang/research/SIEVE_benchmark_pipeline_04_01/benchmark_results/sciphi/inc_cnv/0018/sciphi/best_index/tree.nexus"	"/home/kang/research/SIEVE_benchmark_pipeline_04_01/benchmark_results/simulated_data/results/converted_trees_dir/with_trunk_without_normal_dir/tree.0018"	76	10	0.131578947368421	NA	NA	NA
40	20	10	0.001999	0.16334	0	0	19	"sciphi"	"candidate_snvs"	NA	NA	"exc_cnv"	"/home/kang/research/SIEVE_benchmark_pipeline_04_01/benchmark_results/sciphi/exc_cnv/0019/sciphi/best_index/tree.nexus"	"/home/kang/research/SIEVE_benchmark_pipeline_04_01/benchmark_results/simulated_data/results/converted_trees_dir/with_trunk_without_normal_dir/tree.0019"	76	18	0.236842105263158	NA	NA	NA
40	20	10	0.001999	0.16334	0	0	19	"sciphi"	"candidate_snvs"	NA	NA	"inc_cnv"	"/home/kang/research/SIEVE_benchmark_pipeline_04_01/benchmark_results/sciphi/inc_cnv/0019/sciphi/best_index/tree.nexus"	"/home/kang/research/SIEVE_benchmark_pipeline_04_01/benchmark_results/simulated_data/results/converted_trees_dir/with_trunk_without_normal_dir/tree.0019"	76	10	0.131578947368421	NA	NA	NA
40	20	10	0.001999	0.16334	0	0	20	"sciphi"	"candidate_snvs"	NA	NA	"exc_cnv"	"/home/kang/research/SIEVE_benchmark_pipeline_04_01/benchmark_results/sciphi/exc_cnv/0020/sciphi/best_index/tree.nexus"	"/home/kang/research/SIEVE_benchmark_pipeline_04_01/benchmark_results/simulated_data/results/converted_trees_dir/with_trunk_without_normal_dir/tree.0020"	76	4	0.0526315789473684	NA	NA	NA
40	20	10	0.001999	0.16334	0	0	20	"sciphi"	"candidate_snvs"	NA	NA	"inc_cnv"	"/home/kang/research/SIEVE_benchmark_pipeline_04_01/benchmark_results/sciphi/inc_cnv/0020/sciphi/best_index/tree.nexus"	"/home/kang/research/SIEVE_benchmark_pipeline_04_01/benchmark_results/simulated_data/results/converted_trees_dir/with_trunk_without_normal_dir/tree.0020"	76	2	0.0263157894736842	NA	NA	NA
40	20	10	0.001999	0.16334	0	0	1	"sieve"	"candidate_snvs"	"none_univ"	"mt"	"exc_cnv"	"/home/kang/research/SIEVE_benchmark_pipeline_04_01/benchmark_results/sieve/from_candidate/phylogenetic_inference/mt/exc_cnv/none_univ/0001/sieve_simple.tree"	"/home/kang/research/SIEVE_benchmark_pipeline_04_01/benchmark_results/simulated_data/results/converted_trees_dir/with_trunk_without_normal_dir/tree.0001"	76	6	0.0789473684210526	4.14097119218351	0.99999656043602	1.17686407185905
40	20	10	0.001999	0.16334	0	0	1	"sieve"	"candidate_snvs"	"none_univ"	"mt"	"inc_cnv"	"/home/kang/research/SIEVE_benchmark_pipeline_04_01/benchmark_results/sieve/from_candidate/phylogenetic_inference/mt/inc_cnv/none_univ/0001/sieve_simple.tree"	"/home/kang/research/SIEVE_benchmark_pipeline_04_01/benchmark_results/simulated_data/results/converted_trees_dir/with_trunk_without_normal_dir/tree.0001"	76	6	0.0789473684210526	4.35953669775682	0.999996732878102	1.18052363897465
40	20	10	0.001999	0.16334	0	0	2	"sieve"	"candidate_snvs"	"none_univ"	"mt"	"exc_cnv"	"/home/kang/research/SIEVE_benchmark_pipeline_04_01/benchmark_results/sieve/from_candidate/phylogenetic_inference/mt/exc_cnv/none_univ/0002/sieve_simple.tree"	"/home/kang/research/SIEVE_benchmark_pipeline_04_01/benchmark_results/simulated_data/results/converted_trees_dir/with_trunk_without_normal_dir/tree.0002"	76	10	0.131578947368421	4.29024421233199	0.999997376076036	1.27086859664646
40	20	10	0.001999	0.16334	0	0	2	"sieve"	"candidate_snvs"	"none_univ"	"mt"	"inc_cnv"	"/home/kang/research/SIEVE_benchmark_pipeline_04_01/benchmark_results/sieve/from_candidate/phylogenetic_inference/mt/inc_cnv/none_univ/0002/sieve_simple.tree"	"/home/kang/research/SIEVE_benchmark_pipeline_04_01/benchmark_results/simulated_data/results/converted_trees_dir/with_trunk_without_normal_dir/tree.0002"	76	8	0.105263157894737	4.53755800192372	0.999997515050851	1.26912510376842
40	20	10	0.001999	0.16334	0	0	3	"sieve"	"candidate_snvs"	"none_univ"	"mt"	"exc_cnv"	"/home/kang/research/SIEVE_benchmark_pipeline_04_01/benchmark_results/sieve/from_candidate/phylogenetic_inference/mt/exc_cnv/none_univ/0003/sieve_simple.tree"	"/home/kang/research/SIEVE_benchmark_pipeline_04_01/benchmark_results/simulated_data/results/converted_trees_dir/with_trunk_without_normal_dir/tree.0003"	76	4	0.0526315789473684	3.99633134768005	0.999997044332628	0.788643041104069
40	20	10	0.001999	0.16334	0	0	3	"sieve"	"candidate_snvs"	"none_univ"	"mt"	"inc_cnv"	"/home/kang/research/SIEVE_benchmark_pipeline_04_01/benchmark_results/sieve/from_candidate/phylogenetic_inference/mt/inc_cnv/none_univ/0003/sieve_simple.tree"	"/home/kang/research/SIEVE_benchmark_pipeline_04_01/benchmark_results/simulated_data/results/converted_trees_dir/with_trunk_without_normal_dir/tree.0003"	76	6	0.0789473684210526	4.23227436055159	0.999997234614267	0.80733434453167
40	20	10	0.001999	0.16334	0	0	4	"sieve"	"candidate_snvs"	"none_univ"	"mt"	"exc_cnv"	"/home/kang/research/SIEVE_benchmark_pipeline_04_01/benchmark_results/sieve/from_candidate/phylogenetic_inference/mt/exc_cnv/none_univ/0004/sieve_simple.tree"	"/home/kang/research/SIEVE_benchmark_pipeline_04_01/benchmark_results/simulated_data/results/converted_trees_dir/with_trunk_without_normal_dir/tree.0004"	76	2	0.0263157894736842	4.08863180790558	0.99999685207292	1.11732971659662
40	20	10	0.001999	0.16334	0	0	4	"sieve"	"candidate_snvs"	"none_univ"	"mt"	"inc_cnv"	"/home/kang/research/SIEVE_benchmark_pipeline_04_01/benchmark_results/sieve/from_candidate/phylogenetic_inference/mt/inc_cnv/none_univ/0004/sieve_simple.tree"	"/home/kang/research/SIEVE_benchmark_pipeline_04_01/benchmark_results/simulated_data/results/converted_trees_dir/with_trunk_without_normal_dir/tree.0004"	76	2	0.0263157894736842	4.27833988505838	0.999996993721519	1.15780086192688
40	20	10	0.001999	0.16334	0	0	5	"sieve"	"candidate_snvs"	"none_univ"	"mt"	"exc_cnv"	"/home/kang/research/SIEVE_benchmark_pipeline_04_01/benchmark_results/sieve/from_candidate/phylogenetic_inference/mt/exc_cnv/none_univ/0005/sieve_simple.tree"	"/home/kang/research/SIEVE_benchmark_pipeline_04_01/benchmark_results/simulated_data/results/converted_trees_dir/with_trunk_without_normal_dir/tree.0005"	76	10	0.131578947368421	4.06183626521577	0.999996654738321	1.00376518258122
40	20	10	0.001999	0.16334	0	0	5	"sieve"	"candidate_snvs"	"none_univ"	"mt"	"inc_cnv"	"/home/kang/research/SIEVE_benchmark_pipeline_04_01/benchmark_results/sieve/from_candidate/phylogenetic_inference/mt/inc_cnv/none_univ/0005/sieve_simple.tree"	"/home/kang/research/SIEVE_benchmark_pipeline_04_01/benchmark_results/simulated_data/results/converted_trees_dir/with_trunk_without_normal_dir/tree.0005"	76	12	0.157894736842105	4.2859509108607	0.99999683529377	1.05453135782788
40	20	10	0.001999	0.16334	0	0	6	"sieve"	"candidate_snvs"	"none_univ"	"mt"	"exc_cnv"	"/home/kang/research/SIEVE_benchmark_pipeline_04_01/benchmark_results/sieve/from_candidate/phylogenetic_inference/mt/exc_cnv/none_univ/0006/sieve_simple.tree"	"/home/kang/research/SIEVE_benchmark_pipeline_04_01/benchmark_results/simulated_data/results/converted_trees_dir/with_trunk_without_normal_dir/tree.0006"	76	6	0.0789473684210526	4.038227992332	0.999996530379121	0.906279363007966
40	20	10	0.001999	0.16334	0	0	6	"sieve"	"candidate_snvs"	"none_univ"	"mt"	"inc_cnv"	"/home/kang/research/SIEVE_benchmark_pipeline_04_01/benchmark_results/sieve/from_candidate/phylogenetic_inference/mt/inc_cnv/none_univ/0006/sieve_simple.tree"	"/home/kang/research/SIEVE_benchmark_pipeline_04_01/benchmark_results/simulated_data/results/converted_trees_dir/with_trunk_without_normal_dir/tree.0006"	76	2	0.0263157894736842	4.38045372154335	0.999996789052672	0.972728713358502
40	20	10	0.001999	0.16334	0	0	7	"sieve"	"candidate_snvs"	"none_univ"	"mt"	"exc_cnv"	"/home/kang/research/SIEVE_benchmark_pipeline_04_01/benchmark_results/sieve/from_candidate/phylogenetic_inference/mt/exc_cnv/none_univ/0007/sieve_simple.tree"	"/home/kang/research/SIEVE_benchmark_pipeline_04_01/benchmark_results/simulated_data/results/converted_trees_dir/with_trunk_without_normal_dir/tree.0007"	76	6	0.0789473684210526	4.44002571690546	0.999996865547679	1.20496526079865
40	20	10	0.001999	0.16334	0	0	7	"sieve"	"candidate_snvs"	"none_univ"	"mt"	"inc_cnv"	"/home/kang/research/SIEVE_benchmark_pipeline_04_01/benchmark_results/sieve/from_candidate/phylogenetic_inference/mt/inc_cnv/none_univ/0007/sieve_simple.tree"	"/home/kang/research/SIEVE_benchmark_pipeline_04_01/benchmark_results/simulated_data/results/converted_trees_dir/with_trunk_without_normal_dir/tree.0007"	76	8	0.105263157894737	4.80694356449156	0.999997131167871	1.22678298419712
40	20	10	0.001999	0.16334	0	0	8	"sieve"	"candidate_snvs"	"none_univ"	"mt"	"exc_cnv"	"/home/kang/research/SIEVE_benchmark_pipeline_04_01/benchmark_results/sieve/from_candidate/phylogenetic_inference/mt/exc_cnv/none_univ/0008/sieve_simple.tree"	"/home/kang/research/SIEVE_benchmark_pipeline_04_01/benchmark_results/simulated_data/results/converted_trees_dir/with_trunk_without_normal_dir/tree.0008"	76	8	0.105263157894737	4.11196470251583	0.999996745340444	0.974259528095691
40	20	10	0.001999	0.16334	0	0	8	"sieve"	"candidate_snvs"	"none_univ"	"mt"	"inc_cnv"	"/home/kang/research/SIEVE_benchmark_pipeline_04_01/benchmark_results/sieve/from_candidate/phylogenetic_inference/mt/inc_cnv/none_univ/0008/sieve_simple.tree"	"/home/kang/research/SIEVE_benchmark_pipeline_04_01/benchmark_results/simulated_data/results/converted_trees_dir/with_trunk_without_normal_dir/tree.0008"	76	6	0.0789473684210526	4.4061373537803	0.999996939582008	1.00084585770681
40	20	10	0.001999	0.16334	0	0	9	"sieve"	"candidate_snvs"	"none_univ"	"mt"	"exc_cnv"	"/home/kang/research/SIEVE_benchmark_pipeline_04_01/benchmark_results/sieve/from_candidate/phylogenetic_inference/mt/exc_cnv/none_univ/0009/sieve_simple.tree"	"/home/kang/research/SIEVE_benchmark_pipeline_04_01/benchmark_results/simulated_data/results/converted_trees_dir/with_trunk_without_normal_dir/tree.0009"	76	8	0.105263157894737	4.35122061067149	0.999997097287514	1.32851725106763
40	20	10	0.001999	0.16334	0	0	9	"sieve"	"candidate_snvs"	"none_univ"	"mt"	"inc_cnv"	"/home/kang/research/SIEVE_benchmark_pipeline_04_01/benchmark_results/sieve/from_candidate/phylogenetic_inference/mt/inc_cnv/none_univ/0009/sieve_simple.tree"	"/home/kang/research/SIEVE_benchmark_pipeline_04_01/benchmark_results/simulated_data/results/converted_trees_dir/with_trunk_without_normal_dir/tree.0009"	76	10	0.131578947368421	4.7248229628744	0.999997327034336	1.42294822424918
40	20	10	0.001999	0.16334	0	0	10	"sieve"	"candidate_snvs"	"none_univ"	"mt"	"exc_cnv"	"/home/kang/research/SIEVE_benchmark_pipeline_04_01/benchmark_results/sieve/from_candidate/phylogenetic_inference/mt/exc_cnv/none_univ/0010/sieve_simple.tree"	"/home/kang/research/SIEVE_benchmark_pipeline_04_01/benchmark_results/simulated_data/results/converted_trees_dir/with_trunk_without_normal_dir/tree.0010"	76	8	0.105263157894737	3.98549890472256	0.999996863770477	0.894536249724094
40	20	10	0.001999	0.16334	0	0	10	"sieve"	"candidate_snvs"	"none_univ"	"mt"	"inc_cnv"	"/home/kang/research/SIEVE_benchmark_pipeline_04_01/benchmark_results/sieve/from_candidate/phylogenetic_inference/mt/inc_cnv/none_univ/0010/sieve_simple.tree"	"/home/kang/research/SIEVE_benchmark_pipeline_04_01/benchmark_results/simulated_data/results/converted_trees_dir/with_trunk_without_normal_dir/tree.0010"	76	8	0.105263157894737	4.22824658551607	0.999997066690658	0.908709538145027
40	20	10	0.001999	0.16334	0	0	11	"sieve"	"candidate_snvs"	"none_univ"	"mt"	"exc_cnv"	"/home/kang/research/SIEVE_benchmark_pipeline_04_01/benchmark_results/sieve/from_candidate/phylogenetic_inference/mt/exc_cnv/none_univ/0011/sieve_simple.tree"	"/home/kang/research/SIEVE_benchmark_pipeline_04_01/benchmark_results/simulated_data/results/converted_trees_dir/with_trunk_without_normal_dir/tree.0011"	76	16	0.210526315789474	4.1079546405561	0.999996600238027	1.30483560451912
40	20	10	0.001999	0.16334	0	0	11	"sieve"	"candidate_snvs"	"none_univ"	"mt"	"inc_cnv"	"/home/kang/research/SIEVE_benchmark_pipeline_04_01/benchmark_results/sieve/from_candidate/phylogenetic_inference/mt/inc_cnv/none_univ/0011/sieve_simple.tree"	"/home/kang/research/SIEVE_benchmark_pipeline_04_01/benchmark_results/simulated_data/results/converted_trees_dir/with_trunk_without_normal_dir/tree.0011"	76	18	0.236842105263158	4.3171642758939	0.999996750296527	1.36018605325997
40	20	10	0.001999	0.16334	0	0	12	"sieve"	"candidate_snvs"	"none_univ"	"mt"	"exc_cnv"	"/home/kang/research/SIEVE_benchmark_pipeline_04_01/benchmark_results/sieve/from_candidate/phylogenetic_inference/mt/exc_cnv/none_univ/0012/sieve_simple.tree"	"/home/kang/research/SIEVE_benchmark_pipeline_04_01/benchmark_results/simulated_data/results/converted_trees_dir/with_trunk_without_normal_dir/tree.0012"	76	6	0.0789473684210526	4.1843224813462	0.999996111396631	1.17205882151378
40	20	10	0.001999	0.16334	0	0	12	"sieve"	"candidate_snvs"	"none_univ"	"mt"	"inc_cnv"	"/home/kang/research/SIEVE_benchmark_pipeline_04_01/benchmark_results/sieve/from_candidate/phylogenetic_inference/mt/inc_cnv/none_univ/0012/sieve_simple.tree"	"/home/kang/research/SIEVE_benchmark_pipeline_04_01/benchmark_results/simulated_data/results/converted_trees_dir/with_trunk_without_normal_dir/tree.0012"	76	8	0.105263157894737	4.50735734923569	0.999996396159831	1.21734120197314
40	20	10	0.001999	0.16334	0	0	13	"sieve"	"candidate_snvs"	"none_univ"	"mt"	"exc_cnv"	"/home/kang/research/SIEVE_benchmark_pipeline_04_01/benchmark_results/sieve/from_candidate/phylogenetic_inference/mt/exc_cnv/none_univ/0013/sieve_simple.tree"	"/home/kang/research/SIEVE_benchmark_pipeline_04_01/benchmark_results/simulated_data/results/converted_trees_dir/with_trunk_without_normal_dir/tree.0013"	76	6	0.0789473684210526	4.1241785826841	0.999997142775996	0.954623142439115
40	20	10	0.001999	0.16334	0	0	13	"sieve"	"candidate_snvs"	"none_univ"	"mt"	"inc_cnv"	"/home/kang/research/SIEVE_benchmark_pipeline_04_01/benchmark_results/sieve/from_candidate/phylogenetic_inference/mt/inc_cnv/none_univ/0013/sieve_simple.tree"	"/home/kang/research/SIEVE_benchmark_pipeline_04_01/benchmark_results/simulated_data/results/converted_trees_dir/with_trunk_without_normal_dir/tree.0013"	76	8	0.105263157894737	4.36149978971363	0.999997301356058	0.989462042027378
40	20	10	0.001999	0.16334	0	0	14	"sieve"	"candidate_snvs"	"none_univ"	"mt"	"exc_cnv"	"/home/kang/research/SIEVE_benchmark_pipeline_04_01/benchmark_results/sieve/from_candidate/phylogenetic_inference/mt/exc_cnv/none_univ/0014/sieve_simple.tree"	"/home/kang/research/SIEVE_benchmark_pipeline_04_01/benchmark_results/simulated_data/results/converted_trees_dir/with_trunk_without_normal_dir/tree.0014"	76	2	0.0263157894736842	4.36326161213701	0.999996744299148	1.24166097865691
40	20	10	0.001999	0.16334	0	0	14	"sieve"	"candidate_snvs"	"none_univ"	"mt"	"inc_cnv"	"/home/kang/research/SIEVE_benchmark_pipeline_04_01/benchmark_results/sieve/from_candidate/phylogenetic_inference/mt/inc_cnv/none_univ/0014/sieve_simple.tree"	"/home/kang/research/SIEVE_benchmark_pipeline_04_01/benchmark_results/simulated_data/results/converted_trees_dir/with_trunk_without_normal_dir/tree.0014"	76	4	0.0526315789473684	4.66362920903648	0.999996955913544	1.2685673536099
40	20	10	0.001999	0.16334	0	0	15	"sieve"	"candidate_snvs"	"none_univ"	"mt"	"exc_cnv"	"/home/kang/research/SIEVE_benchmark_pipeline_04_01/benchmark_results/sieve/from_candidate/phylogenetic_inference/mt/exc_cnv/none_univ/0015/sieve_simple.tree"	"/home/kang/research/SIEVE_benchmark_pipeline_04_01/benchmark_results/simulated_data/results/converted_trees_dir/with_trunk_without_normal_dir/tree.0015"	76	16	0.210526315789474	4.07831849660875	0.999996231137527	0.931353666809312
40	20	10	0.001999	0.16334	0	0	15	"sieve"	"candidate_snvs"	"none_univ"	"mt"	"inc_cnv"	"/home/kang/research/SIEVE_benchmark_pipeline_04_01/benchmark_results/sieve/from_candidate/phylogenetic_inference/mt/inc_cnv/none_univ/0015/sieve_simple.tree"	"/home/kang/research/SIEVE_benchmark_pipeline_04_01/benchmark_results/simulated_data/results/converted_trees_dir/with_trunk_without_normal_dir/tree.0015"	76	16	0.210526315789474	4.35419746388237	0.999996474273091	0.944287001471359
40	20	10	0.001999	0.16334	0	0	16	"sieve"	"candidate_snvs"	"none_univ"	"mt"	"exc_cnv"	"/home/kang/research/SIEVE_benchmark_pipeline_04_01/benchmark_results/sieve/from_candidate/phylogenetic_inference/mt/exc_cnv/none_univ/0016/sieve_simple.tree"	"/home/kang/research/SIEVE_benchmark_pipeline_04_01/benchmark_results/simulated_data/results/converted_trees_dir/with_trunk_without_normal_dir/tree.0016"	76	2	0.0263157894736842	3.94388981468814	0.999996945832736	1.00856114197423
40	20	10	0.001999	0.16334	0	0	16	"sieve"	"candidate_snvs"	"none_univ"	"mt"	"inc_cnv"	"/home/kang/research/SIEVE_benchmark_pipeline_04_01/benchmark_results/sieve/from_candidate/phylogenetic_inference/mt/inc_cnv/none_univ/0016/sieve_simple.tree"	"/home/kang/research/SIEVE_benchmark_pipeline_04_01/benchmark_results/simulated_data/results/converted_trees_dir/with_trunk_without_normal_dir/tree.0016"	76	4	0.0526315789473684	4.16467680270859	0.999997139695552	1.04772121534953
40	20	10	0.001999	0.16334	0	0	17	"sieve"	"candidate_snvs"	"none_univ"	"mt"	"exc_cnv"	"/home/kang/research/SIEVE_benchmark_pipeline_04_01/benchmark_results/sieve/from_candidate/phylogenetic_inference/mt/exc_cnv/none_univ/0017/sieve_simple.tree"	"/home/kang/research/SIEVE_benchmark_pipeline_04_01/benchmark_results/simulated_data/results/converted_trees_dir/with_trunk_without_normal_dir/tree.0017"	76	4	0.0526315789473684	4.05156486428516	0.999996373082753	1.03779626271084
40	20	10	0.001999	0.16334	0	0	17	"sieve"	"candidate_snvs"	"none_univ"	"mt"	"inc_cnv"	"/home/kang/research/SIEVE_benchmark_pipeline_04_01/benchmark_results/sieve/from_candidate/phylogenetic_inference/mt/inc_cnv/none_univ/0017/sieve_simple.tree"	"/home/kang/research/SIEVE_benchmark_pipeline_04_01/benchmark_results/simulated_data/results/converted_trees_dir/with_trunk_without_normal_dir/tree.0017"	76	6	0.0789473684210526	4.30592816340758	0.999996590346084	1.07986952233195
40	20	10	0.001999	0.16334	0	0	18	"sieve"	"candidate_snvs"	"none_univ"	"mt"	"exc_cnv"	"/home/kang/research/SIEVE_benchmark_pipeline_04_01/benchmark_results/sieve/from_candidate/phylogenetic_inference/mt/exc_cnv/none_univ/0018/sieve_simple.tree"	"/home/kang/research/SIEVE_benchmark_pipeline_04_01/benchmark_results/simulated_data/results/converted_trees_dir/with_trunk_without_normal_dir/tree.0018"	76	8	0.105263157894737	4.19661176399568	0.999996720512703	1.14623718269417
40	20	10	0.001999	0.16334	0	0	18	"sieve"	"candidate_snvs"	"none_univ"	"mt"	"inc_cnv"	"/home/kang/research/SIEVE_benchmark_pipeline_04_01/benchmark_results/sieve/from_candidate/phylogenetic_inference/mt/inc_cnv/none_univ/0018/sieve_simple.tree"	"/home/kang/research/SIEVE_benchmark_pipeline_04_01/benchmark_results/simulated_data/results/converted_trees_dir/with_trunk_without_normal_dir/tree.0018"	76	8	0.105263157894737	4.51888393603741	0.999996958530189	1.21149770937482
40	20	10	0.001999	0.16334	0	0	19	"sieve"	"candidate_snvs"	"none_univ"	"mt"	"exc_cnv"	"/home/kang/research/SIEVE_benchmark_pipeline_04_01/benchmark_results/sieve/from_candidate/phylogenetic_inference/mt/exc_cnv/none_univ/0019/sieve_simple.tree"	"/home/kang/research/SIEVE_benchmark_pipeline_04_01/benchmark_results/simulated_data/results/converted_trees_dir/with_trunk_without_normal_dir/tree.0019"	76	12	0.157894736842105	3.94400464312431	0.999996953564454	1.06860337885909
40	20	10	0.001999	0.16334	0	0	19	"sieve"	"candidate_snvs"	"none_univ"	"mt"	"inc_cnv"	"/home/kang/research/SIEVE_benchmark_pipeline_04_01/benchmark_results/sieve/from_candidate/phylogenetic_inference/mt/inc_cnv/none_univ/0019/sieve_simple.tree"	"/home/kang/research/SIEVE_benchmark_pipeline_04_01/benchmark_results/simulated_data/results/converted_trees_dir/with_trunk_without_normal_dir/tree.0019"	76	10	0.131578947368421	4.30091126606035	0.999997210163514	1.09438041097825
40	20	10	0.001999	0.16334	0	0	20	"sieve"	"candidate_snvs"	"none_univ"	"mt"	"exc_cnv"	"/home/kang/research/SIEVE_benchmark_pipeline_04_01/benchmark_results/sieve/from_candidate/phylogenetic_inference/mt/exc_cnv/none_univ/0020/sieve_simple.tree"	"/home/kang/research/SIEVE_benchmark_pipeline_04_01/benchmark_results/simulated_data/results/converted_trees_dir/with_trunk_without_normal_dir/tree.0020"	76	4	0.0526315789473684	4.05908117561135	0.999997267028157	1.07871535643302
40	20	10	0.001999	0.16334	0	0	20	"sieve"	"candidate_snvs"	"none_univ"	"mt"	"inc_cnv"	"/home/kang/research/SIEVE_benchmark_pipeline_04_01/benchmark_results/sieve/from_candidate/phylogenetic_inference/mt/inc_cnv/none_univ/0020/sieve_simple.tree"	"/home/kang/research/SIEVE_benchmark_pipeline_04_01/benchmark_results/simulated_data/results/converted_trees_dir/with_trunk_without_normal_dir/tree.0020"	76	6	0.0789473684210526	4.27231134708553	0.999997404946243	1.09893709195548
40	20	10	0.001999	0.16334	0	0	1	"sieve"	"candidate_snvs"	"none_univ-fels_fixed_2"	"mt"	"exc_cnv"	"/home/kang/research/SIEVE_benchmark_pipeline_04_01/benchmark_results/sieve/from_candidate/phylogenetic_inference/stage2/mt/exc_cnv/none_univ-fels_fixed_2/0001/sieve_simple.tree"	"/home/kang/research/SIEVE_benchmark_pipeline_04_01/benchmark_results/simulated_data/results/converted_trees_dir/with_trunk_without_normal_dir/tree.0001"	76	4	0.0526315789473684	0.172954423553382	0.999916926247752	0.0460723334397398
40	20	10	0.001999	0.16334	0	0	1	"sieve"	"candidate_snvs"	"none_univ-fels_fixed_2"	"mt"	"inc_cnv"	"/home/kang/research/SIEVE_benchmark_pipeline_04_01/benchmark_results/sieve/from_candidate/phylogenetic_inference/stage2/mt/inc_cnv/none_univ-fels_fixed_2/0001/sieve_simple.tree"	"/home/kang/research/SIEVE_benchmark_pipeline_04_01/benchmark_results/simulated_data/results/converted_trees_dir/with_trunk_without_normal_dir/tree.0001"	76	6	0.0789473684210526	0.165952188862277	0.99991418033052	0.0442759308982112
40	20	10	0.001999	0.16334	0	0	2	"sieve"	"candidate_snvs"	"none_univ-fels_fixed_2"	"mt"	"exc_cnv"	"/home/kang/research/SIEVE_benchmark_pipeline_04_01/benchmark_results/sieve/from_candidate/phylogenetic_inference/stage2/mt/exc_cnv/none_univ-fels_fixed_2/0002/sieve_simple.tree"	"/home/kang/research/SIEVE_benchmark_pipeline_04_01/benchmark_results/simulated_data/results/converted_trees_dir/with_trunk_without_normal_dir/tree.0002"	76	10	0.131578947368421	0.143109508533917	0.999921344019684	0.0399044192094526
40	20	10	0.001999	0.16334	0	0	2	"sieve"	"candidate_snvs"	"none_univ-fels_fixed_2"	"mt"	"inc_cnv"	"/home/kang/research/SIEVE_benchmark_pipeline_04_01/benchmark_results/sieve/from_candidate/phylogenetic_inference/stage2/mt/inc_cnv/none_univ-fels_fixed_2/0002/sieve_simple.tree"	"/home/kang/research/SIEVE_benchmark_pipeline_04_01/benchmark_results/simulated_data/results/converted_trees_dir/with_trunk_without_normal_dir/tree.0002"	76	8	0.105263157894737	0.132927411962308	0.999915181734385	0.0370705735360787
40	20	10	0.001999	0.16334	0	0	3	"sieve"	"candidate_snvs"	"none_univ-fels_fixed_2"	"mt"	"exc_cnv"	"/home/kang/research/SIEVE_benchmark_pipeline_04_01/benchmark_results/sieve/from_candidate/phylogenetic_inference/stage2/mt/exc_cnv/none_univ-fels_fixed_2/0003/sieve_simple.tree"	"/home/kang/research/SIEVE_benchmark_pipeline_04_01/benchmark_results/simulated_data/results/converted_trees_dir/with_trunk_without_normal_dir/tree.0003"	76	4	0.0526315789473684	0.152429898704602	0.99992251555667	0.030435440964924
40	20	10	0.001999	0.16334	0	0	3	"sieve"	"candidate_snvs"	"none_univ-fels_fixed_2"	"mt"	"inc_cnv"	"/home/kang/research/SIEVE_benchmark_pipeline_04_01/benchmark_results/sieve/from_candidate/phylogenetic_inference/stage2/mt/inc_cnv/none_univ-fels_fixed_2/0003/sieve_simple.tree"	"/home/kang/research/SIEVE_benchmark_pipeline_04_01/benchmark_results/simulated_data/results/converted_trees_dir/with_trunk_without_normal_dir/tree.0003"	76	10	0.131578947368421	0.147610281416522	0.999921100928878	0.029925815179002
40	20	10	0.001999	0.16334	0	0	4	"sieve"	"candidate_snvs"	"none_univ-fels_fixed_2"	"mt"	"exc_cnv"	"/home/kang/research/SIEVE_benchmark_pipeline_04_01/benchmark_results/sieve/from_candidate/phylogenetic_inference/stage2/mt/exc_cnv/none_univ-fels_fixed_2/0004/sieve_simple.tree"	"/home/kang/research/SIEVE_benchmark_pipeline_04_01/benchmark_results/simulated_data/results/converted_trees_dir/with_trunk_without_normal_dir/tree.0004"	76	2	0.0263157894736842	0.167305677603521	0.999923129141356	0.0450474645814275
40	20	10	0.001999	0.16334	0	0	4	"sieve"	"candidate_snvs"	"none_univ-fels_fixed_2"	"mt"	"inc_cnv"	"/home/kang/research/SIEVE_benchmark_pipeline_04_01/benchmark_results/sieve/from_candidate/phylogenetic_inference/stage2/mt/inc_cnv/none_univ-fels_fixed_2/0004/sieve_simple.tree"	"/home/kang/research/SIEVE_benchmark_pipeline_04_01/benchmark_results/simulated_data/results/converted_trees_dir/with_trunk_without_normal_dir/tree.0004"	76	2	0.0263157894736842	0.160683450593271	0.999919961325814	0.0446184168357088
40	20	10	0.001999	0.16334	0	0	5	"sieve"	"candidate_snvs"	"none_univ-fels_fixed_2"	"mt"	"exc_cnv"	"/home/kang/research/SIEVE_benchmark_pipeline_04_01/benchmark_results/sieve/from_candidate/phylogenetic_inference/stage2/mt/exc_cnv/none_univ-fels_fixed_2/0005/sieve_simple.tree"	"/home/kang/research/SIEVE_benchmark_pipeline_04_01/benchmark_results/simulated_data/results/converted_trees_dir/with_trunk_without_normal_dir/tree.0005"	76	14	0.184210526315789	0.153448865036399	0.999911756676151	0.0371606352356025
40	20	10	0.001999	0.16334	0	0	5	"sieve"	"candidate_snvs"	"none_univ-fels_fixed_2"	"mt"	"inc_cnv"	"/home/kang/research/SIEVE_benchmark_pipeline_04_01/benchmark_results/sieve/from_candidate/phylogenetic_inference/stage2/mt/inc_cnv/none_univ-fels_fixed_2/0005/sieve_simple.tree"	"/home/kang/research/SIEVE_benchmark_pipeline_04_01/benchmark_results/simulated_data/results/converted_trees_dir/with_trunk_without_normal_dir/tree.0005"	76	14	0.184210526315789	0.147121652121221	0.999907961973588	0.0371908475275591
40	20	10	0.001999	0.16334	0	0	6	"sieve"	"candidate_snvs"	"none_univ-fels_fixed_2"	"mt"	"exc_cnv"	"/home/kang/research/SIEVE_benchmark_pipeline_04_01/benchmark_results/sieve/from_candidate/phylogenetic_inference/stage2/mt/exc_cnv/none_univ-fels_fixed_2/0006/sieve_simple.tree"	"/home/kang/research/SIEVE_benchmark_pipeline_04_01/benchmark_results/simulated_data/results/converted_trees_dir/with_trunk_without_normal_dir/tree.0006"	76	6	0.0789473684210526	0.172240080741142	0.999918575225792	0.0383561180238543
40	20	10	0.001999	0.16334	0	0	6	"sieve"	"candidate_snvs"	"none_univ-fels_fixed_2"	"mt"	"inc_cnv"	"/home/kang/research/SIEVE_benchmark_pipeline_04_01/benchmark_results/sieve/from_candidate/phylogenetic_inference/stage2/mt/inc_cnv/none_univ-fels_fixed_2/0006/sieve_simple.tree"	"/home/kang/research/SIEVE_benchmark_pipeline_04_01/benchmark_results/simulated_data/results/converted_trees_dir/with_trunk_without_normal_dir/tree.0006"	NA	0	0	0.167275841975265	0.999915891370142	0.038375865635252
40	20	10	0.001999	0.16334	0	0	7	"sieve"	"candidate_snvs"	"none_univ-fels_fixed_2"	"mt"	"exc_cnv"	"/home/kang/research/SIEVE_benchmark_pipeline_04_01/benchmark_results/sieve/from_candidate/phylogenetic_inference/stage2/mt/exc_cnv/none_univ-fels_fixed_2/0007/sieve_simple.tree"	"/home/kang/research/SIEVE_benchmark_pipeline_04_01/benchmark_results/simulated_data/results/converted_trees_dir/with_trunk_without_normal_dir/tree.0007"	76	6	0.0789473684210526	0.149940434556657	0.999907191139273	0.03888036891285
40	20	10	0.001999	0.16334	0	0	7	"sieve"	"candidate_snvs"	"none_univ-fels_fixed_2"	"mt"	"inc_cnv"	"/home/kang/research/SIEVE_benchmark_pipeline_04_01/benchmark_results/sieve/from_candidate/phylogenetic_inference/stage2/mt/inc_cnv/none_univ-fels_fixed_2/0007/sieve_simple.tree"	"/home/kang/research/SIEVE_benchmark_pipeline_04_01/benchmark_results/simulated_data/results/converted_trees_dir/with_trunk_without_normal_dir/tree.0007"	76	8	0.105263157894737	0.14922756350626	0.999907596967289	0.039186264516751
40	20	10	0.001999	0.16334	0	0	8	"sieve"	"candidate_snvs"	"none_univ-fels_fixed_2"	"mt"	"exc_cnv"	"/home/kang/research/SIEVE_benchmark_pipeline_04_01/benchmark_results/sieve/from_candidate/phylogenetic_inference/stage2/mt/exc_cnv/none_univ-fels_fixed_2/0008/sieve_simple.tree"	"/home/kang/research/SIEVE_benchmark_pipeline_04_01/benchmark_results/simulated_data/results/converted_trees_dir/with_trunk_without_normal_dir/tree.0008"	76	8	0.105263157894737	0.175071887167776	0.999923562451886	0.0404547562615709
40	20	10	0.001999	0.16334	0	0	8	"sieve"	"candidate_snvs"	"none_univ-fels_fixed_2"	"mt"	"inc_cnv"	"/home/kang/research/SIEVE_benchmark_pipeline_04_01/benchmark_results/sieve/from_candidate/phylogenetic_inference/stage2/mt/inc_cnv/none_univ-fels_fixed_2/0008/sieve_simple.tree"	"/home/kang/research/SIEVE_benchmark_pipeline_04_01/benchmark_results/simulated_data/results/converted_trees_dir/with_trunk_without_normal_dir/tree.0008"	76	4	0.0526315789473684	0.169280315903781	0.999920309887491	0.0394763002291728
40	20	10	0.001999	0.16334	0	0	9	"sieve"	"candidate_snvs"	"none_univ-fels_fixed_2"	"mt"	"exc_cnv"	"/home/kang/research/SIEVE_benchmark_pipeline_04_01/benchmark_results/sieve/from_candidate/phylogenetic_inference/stage2/mt/exc_cnv/none_univ-fels_fixed_2/0009/sieve_simple.tree"	"/home/kang/research/SIEVE_benchmark_pipeline_04_01/benchmark_results/simulated_data/results/converted_trees_dir/with_trunk_without_normal_dir/tree.0009"	76	6	0.0789473684210526	0.15287207321059	0.9999171908354	0.0427862890407411
40	20	10	0.001999	0.16334	0	0	9	"sieve"	"candidate_snvs"	"none_univ-fels_fixed_2"	"mt"	"inc_cnv"	"/home/kang/research/SIEVE_benchmark_pipeline_04_01/benchmark_results/sieve/from_candidate/phylogenetic_inference/stage2/mt/inc_cnv/none_univ-fels_fixed_2/0009/sieve_simple.tree"	"/home/kang/research/SIEVE_benchmark_pipeline_04_01/benchmark_results/simulated_data/results/converted_trees_dir/with_trunk_without_normal_dir/tree.0009"	76	10	0.131578947368421	0.151849250207161	0.999917512323585	0.0437079760550842
40	20	10	0.001999	0.16334	0	0	10	"sieve"	"candidate_snvs"	"none_univ-fels_fixed_2"	"mt"	"exc_cnv"	"/home/kang/research/SIEVE_benchmark_pipeline_04_01/benchmark_results/sieve/from_candidate/phylogenetic_inference/stage2/mt/exc_cnv/none_univ-fels_fixed_2/0010/sieve_simple.tree"	"/home/kang/research/SIEVE_benchmark_pipeline_04_01/benchmark_results/simulated_data/results/converted_trees_dir/with_trunk_without_normal_dir/tree.0010"	76	8	0.105263157894737	0.172940164971269	0.999927728904492	0.0386166523164097
40	20	10	0.001999	0.16334	0	0	10	"sieve"	"candidate_snvs"	"none_univ-fels_fixed_2"	"mt"	"inc_cnv"	"/home/kang/research/SIEVE_benchmark_pipeline_04_01/benchmark_results/sieve/from_candidate/phylogenetic_inference/stage2/mt/inc_cnv/none_univ-fels_fixed_2/0010/sieve_simple.tree"	"/home/kang/research/SIEVE_benchmark_pipeline_04_01/benchmark_results/simulated_data/results/converted_trees_dir/with_trunk_without_normal_dir/tree.0010"	76	8	0.105263157894737	0.16701899373387	0.999925349893559	0.0372457153681497
40	20	10	0.001999	0.16334	0	0	11	"sieve"	"candidate_snvs"	"none_univ-fels_fixed_2"	"mt"	"exc_cnv"	"/home/kang/research/SIEVE_benchmark_pipeline_04_01/benchmark_results/sieve/from_candidate/phylogenetic_inference/stage2/mt/exc_cnv/none_univ-fels_fixed_2/0011/sieve_simple.tree"	"/home/kang/research/SIEVE_benchmark_pipeline_04_01/benchmark_results/simulated_data/results/converted_trees_dir/with_trunk_without_normal_dir/tree.0011"	76	16	0.210526315789474	0.186184460415502	0.999924577212634	0.0569722439602616
40	20	10	0.001999	0.16334	0	0	11	"sieve"	"candidate_snvs"	"none_univ-fels_fixed_2"	"mt"	"inc_cnv"	"/home/kang/research/SIEVE_benchmark_pipeline_04_01/benchmark_results/sieve/from_candidate/phylogenetic_inference/stage2/mt/inc_cnv/none_univ-fels_fixed_2/0011/sieve_simple.tree"	"/home/kang/research/SIEVE_benchmark_pipeline_04_01/benchmark_results/simulated_data/results/converted_trees_dir/with_trunk_without_normal_dir/tree.0011"	76	18	0.236842105263158	0.184209725081594	0.999923845058086	0.0580612152079865
40	20	10	0.001999	0.16334	0	0	12	"sieve"	"candidate_snvs"	"none_univ-fels_fixed_2"	"mt"	"exc_cnv"	"/home/kang/research/SIEVE_benchmark_pipeline_04_01/benchmark_results/sieve/from_candidate/phylogenetic_inference/stage2/mt/exc_cnv/none_univ-fels_fixed_2/0012/sieve_simple.tree"	"/home/kang/research/SIEVE_benchmark_pipeline_04_01/benchmark_results/simulated_data/results/converted_trees_dir/with_trunk_without_normal_dir/tree.0012"	76	6	0.0789473684210526	0.198564347526106	0.999918861157694	0.0555660775805303
40	20	10	0.001999	0.16334	0	0	12	"sieve"	"candidate_snvs"	"none_univ-fels_fixed_2"	"mt"	"inc_cnv"	"/home/kang/research/SIEVE_benchmark_pipeline_04_01/benchmark_results/sieve/from_candidate/phylogenetic_inference/stage2/mt/inc_cnv/none_univ-fels_fixed_2/0012/sieve_simple.tree"	"/home/kang/research/SIEVE_benchmark_pipeline_04_01/benchmark_results/simulated_data/results/converted_trees_dir/with_trunk_without_normal_dir/tree.0012"	76	8	0.105263157894737	0.189157852817006	0.999914835981834	0.0534572919122036
40	20	10	0.001999	0.16334	0	0	13	"sieve"	"candidate_snvs"	"none_univ-fels_fixed_2"	"mt"	"exc_cnv"	"/home/kang/research/SIEVE_benchmark_pipeline_04_01/benchmark_results/sieve/from_candidate/phylogenetic_inference/stage2/mt/exc_cnv/none_univ-fels_fixed_2/0013/sieve_simple.tree"	"/home/kang/research/SIEVE_benchmark_pipeline_04_01/benchmark_results/simulated_data/results/converted_trees_dir/with_trunk_without_normal_dir/tree.0013"	76	6	0.0789473684210526	0.13409334758889	0.999912130612771	0.0301126846274531
40	20	10	0.001999	0.16334	0	0	13	"sieve"	"candidate_snvs"	"none_univ-fels_fixed_2"	"mt"	"inc_cnv"	"/home/kang/research/SIEVE_benchmark_pipeline_04_01/benchmark_results/sieve/from_candidate/phylogenetic_inference/stage2/mt/inc_cnv/none_univ-fels_fixed_2/0013/sieve_simple.tree"	"/home/kang/research/SIEVE_benchmark_pipeline_04_01/benchmark_results/simulated_data/results/converted_trees_dir/with_trunk_without_normal_dir/tree.0013"	76	10	0.131578947368421	0.132956542461972	0.999911490658684	0.0307288491676374
40	20	10	0.001999	0.16334	0	0	14	"sieve"	"candidate_snvs"	"none_univ-fels_fixed_2"	"mt"	"exc_cnv"	"/home/kang/research/SIEVE_benchmark_pipeline_04_01/benchmark_results/sieve/from_candidate/phylogenetic_inference/stage2/mt/exc_cnv/none_univ-fels_fixed_2/0014/sieve_simple.tree"	"/home/kang/research/SIEVE_benchmark_pipeline_04_01/benchmark_results/simulated_data/results/converted_trees_dir/with_trunk_without_normal_dir/tree.0014"	76	4	0.0526315789473684	0.164162903030392	0.999913836481193	0.0453088731940609
40	20	10	0.001999	0.16334	0	0	14	"sieve"	"candidate_snvs"	"none_univ-fels_fixed_2"	"mt"	"inc_cnv"	"/home/kang/research/SIEVE_benchmark_pipeline_04_01/benchmark_results/sieve/from_candidate/phylogenetic_inference/stage2/mt/inc_cnv/none_univ-fels_fixed_2/0014/sieve_simple.tree"	"/home/kang/research/SIEVE_benchmark_pipeline_04_01/benchmark_results/simulated_data/results/converted_trees_dir/with_trunk_without_normal_dir/tree.0014"	76	6	0.0789473684210526	0.164621266787688	0.999913771346227	0.0462010261007946
40	20	10	0.001999	0.16334	0	0	15	"sieve"	"candidate_snvs"	"none_univ-fels_fixed_2"	"mt"	"exc_cnv"	"/home/kang/research/SIEVE_benchmark_pipeline_04_01/benchmark_results/sieve/from_candidate/phylogenetic_inference/stage2/mt/exc_cnv/none_univ-fels_fixed_2/0015/sieve_simple.tree"	"/home/kang/research/SIEVE_benchmark_pipeline_04_01/benchmark_results/simulated_data/results/converted_trees_dir/with_trunk_without_normal_dir/tree.0015"	76	12	0.157894736842105	0.187534736471312	0.999917954689807	0.0427899132446857
40	20	10	0.001999	0.16334	0	0	15	"sieve"	"candidate_snvs"	"none_univ-fels_fixed_2"	"mt"	"inc_cnv"	"/home/kang/research/SIEVE_benchmark_pipeline_04_01/benchmark_results/sieve/from_candidate/phylogenetic_inference/stage2/mt/inc_cnv/none_univ-fels_fixed_2/0015/sieve_simple.tree"	"/home/kang/research/SIEVE_benchmark_pipeline_04_01/benchmark_results/simulated_data/results/converted_trees_dir/with_trunk_without_normal_dir/tree.0015"	76	10	0.131578947368421	0.176957176833363	0.999912974366068	0.0401319972670479
40	20	10	0.001999	0.16334	0	0	16	"sieve"	"candidate_snvs"	"none_univ-fels_fixed_2"	"mt"	"exc_cnv"	"/home/kang/research/SIEVE_benchmark_pipeline_04_01/benchmark_results/sieve/from_candidate/phylogenetic_inference/stage2/mt/exc_cnv/none_univ-fels_fixed_2/0016/sieve_simple.tree"	"/home/kang/research/SIEVE_benchmark_pipeline_04_01/benchmark_results/simulated_data/results/converted_trees_dir/with_trunk_without_normal_dir/tree.0016"	76	4	0.0526315789473684	0.134528605162601	0.999911349358237	0.0340867756202859
40	20	10	0.001999	0.16334	0	0	16	"sieve"	"candidate_snvs"	"none_univ-fels_fixed_2"	"mt"	"inc_cnv"	"/home/kang/research/SIEVE_benchmark_pipeline_04_01/benchmark_results/sieve/from_candidate/phylogenetic_inference/stage2/mt/inc_cnv/none_univ-fels_fixed_2/0016/sieve_simple.tree"	"/home/kang/research/SIEVE_benchmark_pipeline_04_01/benchmark_results/simulated_data/results/converted_trees_dir/with_trunk_without_normal_dir/tree.0016"	76	4	0.0526315789473684	0.131778203270376	0.999909611751944	0.0341494954823363
40	20	10	0.001999	0.16334	0	0	17	"sieve"	"candidate_snvs"	"none_univ-fels_fixed_2"	"mt"	"exc_cnv"	"/home/kang/research/SIEVE_benchmark_pipeline_04_01/benchmark_results/sieve/from_candidate/phylogenetic_inference/stage2/mt/exc_cnv/none_univ-fels_fixed_2/0017/sieve_simple.tree"	"/home/kang/research/SIEVE_benchmark_pipeline_04_01/benchmark_results/simulated_data/results/converted_trees_dir/with_trunk_without_normal_dir/tree.0017"	76	4	0.0526315789473684	0.185851292215035	0.999920939037735	0.0476670520579857
40	20	10	0.001999	0.16334	0	0	17	"sieve"	"candidate_snvs"	"none_univ-fels_fixed_2"	"mt"	"inc_cnv"	"/home/kang/research/SIEVE_benchmark_pipeline_04_01/benchmark_results/sieve/from_candidate/phylogenetic_inference/stage2/mt/inc_cnv/none_univ-fels_fixed_2/0017/sieve_simple.tree"	"/home/kang/research/SIEVE_benchmark_pipeline_04_01/benchmark_results/simulated_data/results/converted_trees_dir/with_trunk_without_normal_dir/tree.0017"	76	4	0.0526315789473684	0.175260152413818	0.99991620543959	0.0457866361887773
40	20	10	0.001999	0.16334	0	0	18	"sieve"	"candidate_snvs"	"none_univ-fels_fixed_2"	"mt"	"exc_cnv"	"/home/kang/research/SIEVE_benchmark_pipeline_04_01/benchmark_results/sieve/from_candidate/phylogenetic_inference/stage2/mt/exc_cnv/none_univ-fels_fixed_2/0018/sieve_simple.tree"	"/home/kang/research/SIEVE_benchmark_pipeline_04_01/benchmark_results/simulated_data/results/converted_trees_dir/with_trunk_without_normal_dir/tree.0018"	76	12	0.157894736842105	0.149738589664203	0.999908772264834	0.0391711114167299
40	20	10	0.001999	0.16334	0	0	18	"sieve"	"candidate_snvs"	"none_univ-fels_fixed_2"	"mt"	"inc_cnv"	"/home/kang/research/SIEVE_benchmark_pipeline_04_01/benchmark_results/sieve/from_candidate/phylogenetic_inference/stage2/mt/inc_cnv/none_univ-fels_fixed_2/0018/sieve_simple.tree"	"/home/kang/research/SIEVE_benchmark_pipeline_04_01/benchmark_results/simulated_data/results/converted_trees_dir/with_trunk_without_normal_dir/tree.0018"	76	14	0.184210526315789	0.147529570814966	0.999907561379022	0.03969838081258
40	20	10	0.001999	0.16334	0	0	19	"sieve"	"candidate_snvs"	"none_univ-fels_fixed_2"	"mt"	"exc_cnv"	"/home/kang/research/SIEVE_benchmark_pipeline_04_01/benchmark_results/sieve/from_candidate/phylogenetic_inference/stage2/mt/exc_cnv/none_univ-fels_fixed_2/0019/sieve_simple.tree"	"/home/kang/research/SIEVE_benchmark_pipeline_04_01/benchmark_results/simulated_data/results/converted_trees_dir/with_trunk_without_normal_dir/tree.0019"	76	12	0.157894736842105	0.158178318946703	0.999924045975335	0.0422404308112271
40	20	10	0.001999	0.16334	0	0	19	"sieve"	"candidate_snvs"	"none_univ-fels_fixed_2"	"mt"	"inc_cnv"	"/home/kang/research/SIEVE_benchmark_pipeline_04_01/benchmark_results/sieve/from_candidate/phylogenetic_inference/stage2/mt/inc_cnv/none_univ-fels_fixed_2/0019/sieve_simple.tree"	"/home/kang/research/SIEVE_benchmark_pipeline_04_01/benchmark_results/simulated_data/results/converted_trees_dir/with_trunk_without_normal_dir/tree.0019"	76	8	0.105263157894737	0.155961462009458	0.999922952996138	0.0418377134107247
40	20	10	0.001999	0.16334	0	0	20	"sieve"	"candidate_snvs"	"none_univ-fels_fixed_2"	"mt"	"exc_cnv"	"/home/kang/research/SIEVE_benchmark_pipeline_04_01/benchmark_results/sieve/from_candidate/phylogenetic_inference/stage2/mt/exc_cnv/none_univ-fels_fixed_2/0020/sieve_simple.tree"	"/home/kang/research/SIEVE_benchmark_pipeline_04_01/benchmark_results/simulated_data/results/converted_trees_dir/with_trunk_without_normal_dir/tree.0020"	76	4	0.0526315789473684	0.14089143614	0.9999212690864	0.0362744127708863
40	20	10	0.001999	0.16334	0	0	20	"sieve"	"candidate_snvs"	"none_univ-fels_fixed_2"	"mt"	"inc_cnv"	"/home/kang/research/SIEVE_benchmark_pipeline_04_01/benchmark_results/sieve/from_candidate/phylogenetic_inference/stage2/mt/inc_cnv/none_univ-fels_fixed_2/0020/sieve_simple.tree"	"/home/kang/research/SIEVE_benchmark_pipeline_04_01/benchmark_results/simulated_data/results/converted_trees_dir/with_trunk_without_normal_dir/tree.0020"	76	6	0.0789473684210526	0.13625293243164	0.999918636581876	0.0355964821918452
40	20	10	0.001999	0.16334	0	0	1	"cellphy"	"true_monovar_snvs"	"EP"	"mt"	"exc_cnv"	"/home/kang/research/SIEVE_benchmark_pipeline_04_01/benchmark_results/cellphy/from_true_monovar/mt/exc_cnv/0001/vcf_ep/0001.raxml.bestTree_formatted"	"/home/kang/research/SIEVE_benchmark_pipeline_04_01/benchmark_results/simulated_data/results/converted_trees_dir/without_trunk_without_normal_dir/tree.0001"	74	6	0.0810810810810811	1.23591986502377	0.999988411676127	0.481314296086859
40	20	10	0.001999	0.16334	0	0	1	"cellphy"	"true_monovar_snvs"	"EP"	"mt"	"inc_cnv"	"/home/kang/research/SIEVE_benchmark_pipeline_04_01/benchmark_results/cellphy/from_true_monovar/mt/inc_cnv/0001/vcf_ep/0001.raxml.bestTree_formatted"	"/home/kang/research/SIEVE_benchmark_pipeline_04_01/benchmark_results/simulated_data/results/converted_trees_dir/without_trunk_without_normal_dir/tree.0001"	74	6	0.0810810810810811	1.30266186678235	0.999989006748406	0.475436277777355
40	20	10	0.001999	0.16334	0	0	2	"cellphy"	"true_monovar_snvs"	"EP"	"mt"	"exc_cnv"	"/home/kang/research/SIEVE_benchmark_pipeline_04_01/benchmark_results/cellphy/from_true_monovar/mt/exc_cnv/0002/vcf_ep/0002.raxml.bestTree_formatted"	"/home/kang/research/SIEVE_benchmark_pipeline_04_01/benchmark_results/simulated_data/results/converted_trees_dir/without_trunk_without_normal_dir/tree.0002"	74	12	0.162162162162162	1.32107641382424	0.999991472874074	0.542809078484366
40	20	10	0.001999	0.16334	0	0	2	"cellphy"	"true_monovar_snvs"	"EP"	"mt"	"inc_cnv"	"/home/kang/research/SIEVE_benchmark_pipeline_04_01/benchmark_results/cellphy/from_true_monovar/mt/inc_cnv/0002/vcf_ep/0002.raxml.bestTree_formatted"	"/home/kang/research/SIEVE_benchmark_pipeline_04_01/benchmark_results/simulated_data/results/converted_trees_dir/without_trunk_without_normal_dir/tree.0002"	74	12	0.162162162162162	1.37297541382424	0.999991795200077	0.51488798447974
40	20	10	0.001999	0.16334	0	0	3	"cellphy"	"true_monovar_snvs"	"EP"	"mt"	"exc_cnv"	"/home/kang/research/SIEVE_benchmark_pipeline_04_01/benchmark_results/cellphy/from_true_monovar/mt/exc_cnv/0003/vcf_ep/0003.raxml.bestTree_formatted"	"/home/kang/research/SIEVE_benchmark_pipeline_04_01/benchmark_results/simulated_data/results/converted_trees_dir/without_trunk_without_normal_dir/tree.0003"	74	6	0.0810810810810811	1.41283415732934	0.999991676417828	0.369330759376872
40	20	10	0.001999	0.16334	0	0	3	"cellphy"	"true_monovar_snvs"	"EP"	"mt"	"inc_cnv"	"/home/kang/research/SIEVE_benchmark_pipeline_04_01/benchmark_results/cellphy/from_true_monovar/mt/inc_cnv/0003/vcf_ep/0003.raxml.bestTree_formatted"	"/home/kang/research/SIEVE_benchmark_pipeline_04_01/benchmark_results/simulated_data/results/converted_trees_dir/without_trunk_without_normal_dir/tree.0003"	74	8	0.108108108108108	1.46243517662502	0.999991971918247	0.35815967523991
40	20	10	0.001999	0.16334	0	0	4	"cellphy"	"true_monovar_snvs"	"EP"	"mt"	"exc_cnv"	"/home/kang/research/SIEVE_benchmark_pipeline_04_01/benchmark_results/cellphy/from_true_monovar/mt/exc_cnv/0004/vcf_ep/0004.raxml.bestTree_formatted"	"/home/kang/research/SIEVE_benchmark_pipeline_04_01/benchmark_results/simulated_data/results/converted_trees_dir/without_trunk_without_normal_dir/tree.0004"	74	2	0.027027027027027	1.32002556721659	0.999990249711725	0.46910643183032
40	20	10	0.001999	0.16334	0	0	4	"cellphy"	"true_monovar_snvs"	"EP"	"mt"	"inc_cnv"	"/home/kang/research/SIEVE_benchmark_pipeline_04_01/benchmark_results/cellphy/from_true_monovar/mt/inc_cnv/0004/vcf_ep/0004.raxml.bestTree_formatted"	"/home/kang/research/SIEVE_benchmark_pipeline_04_01/benchmark_results/simulated_data/results/converted_trees_dir/without_trunk_without_normal_dir/tree.0004"	74	2	0.027027027027027	1.36549356721659	0.999990574372301	0.487069254491918
40	20	10	0.001999	0.16334	0	0	5	"cellphy"	"true_monovar_snvs"	"EP"	"mt"	"exc_cnv"	"/home/kang/research/SIEVE_benchmark_pipeline_04_01/benchmark_results/cellphy/from_true_monovar/mt/exc_cnv/0005/vcf_ep/0005.raxml.bestTree_formatted"	"/home/kang/research/SIEVE_benchmark_pipeline_04_01/benchmark_results/simulated_data/results/converted_trees_dir/without_trunk_without_normal_dir/tree.0005"	74	16	0.216216216216216	1.25209228834083	0.999989183676418	0.413662406099572
40	20	10	0.001999	0.16334	0	0	5	"cellphy"	"true_monovar_snvs"	"EP"	"mt"	"inc_cnv"	"/home/kang/research/SIEVE_benchmark_pipeline_04_01/benchmark_results/cellphy/from_true_monovar/mt/inc_cnv/0005/vcf_ep/0005.raxml.bestTree_formatted"	"/home/kang/research/SIEVE_benchmark_pipeline_04_01/benchmark_results/simulated_data/results/converted_trees_dir/without_trunk_without_normal_dir/tree.0005"	74	20	0.27027027027027	1.31521644495844	0.999989821882152	0.417125286145646
40	20	10	0.001999	0.16334	0	0	6	"cellphy"	"true_monovar_snvs"	"EP"	"mt"	"exc_cnv"	"/home/kang/research/SIEVE_benchmark_pipeline_04_01/benchmark_results/cellphy/from_true_monovar/mt/exc_cnv/0006/vcf_ep/0006.raxml.bestTree_formatted"	"/home/kang/research/SIEVE_benchmark_pipeline_04_01/benchmark_results/simulated_data/results/converted_trees_dir/without_trunk_without_normal_dir/tree.0006"	74	8	0.108108108108108	1.33493203136906	0.999989509768011	0.395285638470162
40	20	10	0.001999	0.16334	0	0	6	"cellphy"	"true_monovar_snvs"	"EP"	"mt"	"inc_cnv"	"/home/kang/research/SIEVE_benchmark_pipeline_04_01/benchmark_results/cellphy/from_true_monovar/mt/inc_cnv/0006/vcf_ep/0006.raxml.bestTree_formatted"	"/home/kang/research/SIEVE_benchmark_pipeline_04_01/benchmark_results/simulated_data/results/converted_trees_dir/without_trunk_without_normal_dir/tree.0006"	74	10	0.135135135135135	1.40027403941265	0.999990005020636	0.41103678498316
40	20	10	0.001999	0.16334	0	0	7	"cellphy"	"true_monovar_snvs"	"EP"	"mt"	"exc_cnv"	"/home/kang/research/SIEVE_benchmark_pipeline_04_01/benchmark_results/cellphy/from_true_monovar/mt/exc_cnv/0007/vcf_ep/0007.raxml.bestTree_formatted"	"/home/kang/research/SIEVE_benchmark_pipeline_04_01/benchmark_results/simulated_data/results/converted_trees_dir/without_trunk_without_normal_dir/tree.0007"	74	4	0.0540540540540541	1.33147703943559	0.999989517032861	0.532372158038416
40	20	10	0.001999	0.16334	0	0	7	"cellphy"	"true_monovar_snvs"	"EP"	"mt"	"inc_cnv"	"/home/kang/research/SIEVE_benchmark_pipeline_04_01/benchmark_results/cellphy/from_true_monovar/mt/inc_cnv/0007/vcf_ep/0007.raxml.bestTree_formatted"	"/home/kang/research/SIEVE_benchmark_pipeline_04_01/benchmark_results/simulated_data/results/converted_trees_dir/without_trunk_without_normal_dir/tree.0007"	74	14	0.189189189189189	1.44485524308309	0.999990480570279	0.505982502762958
40	20	10	0.001999	0.16334	0	0	8	"cellphy"	"true_monovar_snvs"	"EP"	"mt"	"exc_cnv"	"/home/kang/research/SIEVE_benchmark_pipeline_04_01/benchmark_results/cellphy/from_true_monovar/mt/exc_cnv/0008/vcf_ep/0008.raxml.bestTree_formatted"	"/home/kang/research/SIEVE_benchmark_pipeline_04_01/benchmark_results/simulated_data/results/converted_trees_dir/without_trunk_without_normal_dir/tree.0008"	74	12	0.162162162162162	1.44571841108869	0.999990760278651	0.39460281731487
40	20	10	0.001999	0.16334	0	0	8	"cellphy"	"true_monovar_snvs"	"EP"	"mt"	"inc_cnv"	"/home/kang/research/SIEVE_benchmark_pipeline_04_01/benchmark_results/cellphy/from_true_monovar/mt/inc_cnv/0008/vcf_ep/0008.raxml.bestTree_formatted"	"/home/kang/research/SIEVE_benchmark_pipeline_04_01/benchmark_results/simulated_data/results/converted_trees_dir/without_trunk_without_normal_dir/tree.0008"	74	10	0.135135135135135	1.50823138818811	0.99999112805856	0.391544112697519
40	20	10	0.001999	0.16334	0	0	9	"cellphy"	"true_monovar_snvs"	"EP"	"mt"	"exc_cnv"	"/home/kang/research/SIEVE_benchmark_pipeline_04_01/benchmark_results/cellphy/from_true_monovar/mt/exc_cnv/0009/vcf_ep/0009.raxml.bestTree_formatted"	"/home/kang/research/SIEVE_benchmark_pipeline_04_01/benchmark_results/simulated_data/results/converted_trees_dir/without_trunk_without_normal_dir/tree.0009"	74	6	0.0810810810810811	1.31079969119726	0.999990333023906	0.607443055380716
40	20	10	0.001999	0.16334	0	0	9	"cellphy"	"true_monovar_snvs"	"EP"	"mt"	"inc_cnv"	"/home/kang/research/SIEVE_benchmark_pipeline_04_01/benchmark_results/cellphy/from_true_monovar/mt/inc_cnv/0009/vcf_ep/0009.raxml.bestTree_formatted"	"/home/kang/research/SIEVE_benchmark_pipeline_04_01/benchmark_results/simulated_data/results/converted_trees_dir/without_trunk_without_normal_dir/tree.0009"	74	4	0.0540540540540541	1.39197366343148	0.999990876808926	0.603409768709462
40	20	10	0.001999	0.16334	0	0	10	"cellphy"	"true_monovar_snvs"	"EP"	"mt"	"exc_cnv"	"/home/kang/research/SIEVE_benchmark_pipeline_04_01/benchmark_results/cellphy/from_true_monovar/mt/exc_cnv/0010/vcf_ep/0010.raxml.bestTree_formatted"	"/home/kang/research/SIEVE_benchmark_pipeline_04_01/benchmark_results/simulated_data/results/converted_trees_dir/without_trunk_without_normal_dir/tree.0010"	74	14	0.189189189189189	1.29455487689462	0.999990418520791	0.394376337340553
40	20	10	0.001999	0.16334	0	0	10	"cellphy"	"true_monovar_snvs"	"EP"	"mt"	"inc_cnv"	"/home/kang/research/SIEVE_benchmark_pipeline_04_01/benchmark_results/cellphy/from_true_monovar/mt/inc_cnv/0010/vcf_ep/0010.raxml.bestTree_formatted"	"/home/kang/research/SIEVE_benchmark_pipeline_04_01/benchmark_results/simulated_data/results/converted_trees_dir/without_trunk_without_normal_dir/tree.0010"	74	14	0.189189189189189	1.38322486390802	0.999991023336155	0.392897232808114
40	20	10	0.001999	0.16334	0	0	11	"cellphy"	"true_monovar_snvs"	"EP"	"mt"	"exc_cnv"	"/home/kang/research/SIEVE_benchmark_pipeline_04_01/benchmark_results/cellphy/from_true_monovar/mt/exc_cnv/0011/vcf_ep/0011.raxml.bestTree_formatted"	"/home/kang/research/SIEVE_benchmark_pipeline_04_01/benchmark_results/simulated_data/results/converted_trees_dir/without_trunk_without_normal_dir/tree.0011"	74	14	0.189189189189189	1.25573902059212	0.999988780954958	0.533386813457376
40	20	10	0.001999	0.16334	0	0	11	"cellphy"	"true_monovar_snvs"	"EP"	"mt"	"inc_cnv"	"/home/kang/research/SIEVE_benchmark_pipeline_04_01/benchmark_results/cellphy/from_true_monovar/mt/inc_cnv/0011/vcf_ep/0011.raxml.bestTree_formatted"	"/home/kang/research/SIEVE_benchmark_pipeline_04_01/benchmark_results/simulated_data/results/converted_trees_dir/without_trunk_without_normal_dir/tree.0011"	74	16	0.216216216216216	1.2930370500656	0.99998912736154	0.536290966185806
40	20	10	0.001999	0.16334	0	0	12	"cellphy"	"true_monovar_snvs"	"EP"	"mt"	"exc_cnv"	"/home/kang/research/SIEVE_benchmark_pipeline_04_01/benchmark_results/cellphy/from_true_monovar/mt/exc_cnv/0012/vcf_ep/0012.raxml.bestTree_formatted"	"/home/kang/research/SIEVE_benchmark_pipeline_04_01/benchmark_results/simulated_data/results/converted_trees_dir/without_trunk_without_normal_dir/tree.0012"	74	10	0.135135135135135	1.34276496492619	0.999987948533322	0.444625417534686
40	20	10	0.001999	0.16334	0	0	12	"cellphy"	"true_monovar_snvs"	"EP"	"mt"	"inc_cnv"	"/home/kang/research/SIEVE_benchmark_pipeline_04_01/benchmark_results/cellphy/from_true_monovar/mt/inc_cnv/0012/vcf_ep/0012.raxml.bestTree_formatted"	"/home/kang/research/SIEVE_benchmark_pipeline_04_01/benchmark_results/simulated_data/results/converted_trees_dir/without_trunk_without_normal_dir/tree.0012"	74	10	0.135135135135135	1.40277896492619	0.999988464115888	0.438129977190901
40	20	10	0.001999	0.16334	0	0	13	"cellphy"	"true_monovar_snvs"	"EP"	"mt"	"exc_cnv"	"/home/kang/research/SIEVE_benchmark_pipeline_04_01/benchmark_results/cellphy/from_true_monovar/mt/exc_cnv/0013/vcf_ep/0013.raxml.bestTree_formatted"	"/home/kang/research/SIEVE_benchmark_pipeline_04_01/benchmark_results/simulated_data/results/converted_trees_dir/without_trunk_without_normal_dir/tree.0013"	74	2	0.027027027027027	1.30920306104365	0.999990926515258	0.433795719037157
40	20	10	0.001999	0.16334	0	0	13	"cellphy"	"true_monovar_snvs"	"EP"	"mt"	"inc_cnv"	"/home/kang/research/SIEVE_benchmark_pipeline_04_01/benchmark_results/cellphy/from_true_monovar/mt/inc_cnv/0013/vcf_ep/0013.raxml.bestTree_formatted"	"/home/kang/research/SIEVE_benchmark_pipeline_04_01/benchmark_results/simulated_data/results/converted_trees_dir/without_trunk_without_normal_dir/tree.0013"	74	6	0.0810810810810811	1.40446525031867	0.999991676711495	0.450199888446218
40	20	10	0.001999	0.16334	0	0	14	"cellphy"	"true_monovar_snvs"	"EP"	"mt"	"exc_cnv"	"/home/kang/research/SIEVE_benchmark_pipeline_04_01/benchmark_results/cellphy/from_true_monovar/mt/exc_cnv/0014/vcf_ep/0014.raxml.bestTree_formatted"	"/home/kang/research/SIEVE_benchmark_pipeline_04_01/benchmark_results/simulated_data/results/converted_trees_dir/without_trunk_without_normal_dir/tree.0014"	74	8	0.108108108108108	1.39282593751399	0.999989811957196	0.5313712543886
40	20	10	0.001999	0.16334	0	0	14	"cellphy"	"true_monovar_snvs"	"EP"	"mt"	"inc_cnv"	"/home/kang/research/SIEVE_benchmark_pipeline_04_01/benchmark_results/cellphy/from_true_monovar/mt/inc_cnv/0014/vcf_ep/0014.raxml.bestTree_formatted"	"/home/kang/research/SIEVE_benchmark_pipeline_04_01/benchmark_results/simulated_data/results/converted_trees_dir/without_trunk_without_normal_dir/tree.0014"	74	6	0.0810810810810811	1.44848288310821	0.999990165862016	0.533288859890923
40	20	10	0.001999	0.16334	0	0	15	"cellphy"	"true_monovar_snvs"	"EP"	"mt"	"exc_cnv"	"/home/kang/research/SIEVE_benchmark_pipeline_04_01/benchmark_results/cellphy/from_true_monovar/mt/exc_cnv/0015/vcf_ep/0015.raxml.bestTree_formatted"	"/home/kang/research/SIEVE_benchmark_pipeline_04_01/benchmark_results/simulated_data/results/converted_trees_dir/without_trunk_without_normal_dir/tree.0015"	74	8	0.108108108108108	1.32756531458077	0.999988361367616	0.400602433610607
40	20	10	0.001999	0.16334	0	0	15	"cellphy"	"true_monovar_snvs"	"EP"	"mt"	"inc_cnv"	"/home/kang/research/SIEVE_benchmark_pipeline_04_01/benchmark_results/cellphy/from_true_monovar/mt/inc_cnv/0015/vcf_ep/0015.raxml.bestTree_formatted"	"/home/kang/research/SIEVE_benchmark_pipeline_04_01/benchmark_results/simulated_data/results/converted_trees_dir/without_trunk_without_normal_dir/tree.0015"	74	12	0.162162162162162	1.41414032325059	0.999989080018592	0.396504201200676
40	20	10	0.001999	0.16334	0	0	16	"cellphy"	"true_monovar_snvs"	"EP"	"mt"	"exc_cnv"	"/home/kang/research/SIEVE_benchmark_pipeline_04_01/benchmark_results/cellphy/from_true_monovar/mt/exc_cnv/0016/vcf_ep/0016.raxml.bestTree_formatted"	"/home/kang/research/SIEVE_benchmark_pipeline_04_01/benchmark_results/simulated_data/results/converted_trees_dir/without_trunk_without_normal_dir/tree.0016"	74	2	0.027027027027027	1.44876399933657	0.999991685853725	0.404865079564572
40	20	10	0.001999	0.16334	0	0	16	"cellphy"	"true_monovar_snvs"	"EP"	"mt"	"inc_cnv"	"/home/kang/research/SIEVE_benchmark_pipeline_04_01/benchmark_results/cellphy/from_true_monovar/mt/inc_cnv/0016/vcf_ep/0016.raxml.bestTree_formatted"	"/home/kang/research/SIEVE_benchmark_pipeline_04_01/benchmark_results/simulated_data/results/converted_trees_dir/without_trunk_without_normal_dir/tree.0016"	74	2	0.027027027027027	1.58406699933657	0.999992396000695	0.431013721843245
40	20	10	0.001999	0.16334	0	0	17	"cellphy"	"true_monovar_snvs"	"EP"	"mt"	"exc_cnv"	"/home/kang/research/SIEVE_benchmark_pipeline_04_01/benchmark_results/cellphy/from_true_monovar/mt/exc_cnv/0017/vcf_ep/0017.raxml.bestTree_formatted"	"/home/kang/research/SIEVE_benchmark_pipeline_04_01/benchmark_results/simulated_data/results/converted_trees_dir/without_trunk_without_normal_dir/tree.0017"	74	12	0.162162162162162	1.43425382554865	0.999989854345255	0.423043872386004
40	20	10	0.001999	0.16334	0	0	17	"cellphy"	"true_monovar_snvs"	"EP"	"mt"	"inc_cnv"	"/home/kang/research/SIEVE_benchmark_pipeline_04_01/benchmark_results/cellphy/from_true_monovar/mt/inc_cnv/0017/vcf_ep/0017.raxml.bestTree_formatted"	"/home/kang/research/SIEVE_benchmark_pipeline_04_01/benchmark_results/simulated_data/results/converted_trees_dir/without_trunk_without_normal_dir/tree.0017"	74	10	0.135135135135135	1.5340227276625	0.999990450377459	0.41810722049226
40	20	10	0.001999	0.16334	0	0	18	"cellphy"	"true_monovar_snvs"	"EP"	"mt"	"exc_cnv"	"/home/kang/research/SIEVE_benchmark_pipeline_04_01/benchmark_results/cellphy/from_true_monovar/mt/exc_cnv/0018/vcf_ep/0018.raxml.bestTree_formatted"	"/home/kang/research/SIEVE_benchmark_pipeline_04_01/benchmark_results/simulated_data/results/converted_trees_dir/without_trunk_without_normal_dir/tree.0018"	74	8	0.108108108108108	1.22843215206609	0.99998880917246	0.469032160298769
40	20	10	0.001999	0.16334	0	0	18	"cellphy"	"true_monovar_snvs"	"EP"	"mt"	"inc_cnv"	"/home/kang/research/SIEVE_benchmark_pipeline_04_01/benchmark_results/cellphy/from_true_monovar/mt/inc_cnv/0018/vcf_ep/0018.raxml.bestTree_formatted"	"/home/kang/research/SIEVE_benchmark_pipeline_04_01/benchmark_results/simulated_data/results/converted_trees_dir/without_trunk_without_normal_dir/tree.0018"	74	6	0.0810810810810811	1.29581714269091	0.999989383876097	0.497037204774472
40	20	10	0.001999	0.16334	0	0	19	"cellphy"	"true_monovar_snvs"	"EP"	"mt"	"exc_cnv"	"/home/kang/research/SIEVE_benchmark_pipeline_04_01/benchmark_results/cellphy/from_true_monovar/mt/exc_cnv/0019/vcf_ep/0019.raxml.bestTree_formatted"	"/home/kang/research/SIEVE_benchmark_pipeline_04_01/benchmark_results/simulated_data/results/converted_trees_dir/without_trunk_without_normal_dir/tree.0019"	74	20	0.27027027027027	1.3108112545582	0.999990994672433	0.404112452497123
40	20	10	0.001999	0.16334	0	0	19	"cellphy"	"true_monovar_snvs"	"EP"	"mt"	"inc_cnv"	"/home/kang/research/SIEVE_benchmark_pipeline_04_01/benchmark_results/cellphy/from_true_monovar/mt/inc_cnv/0019/vcf_ep/0019.raxml.bestTree_formatted"	"/home/kang/research/SIEVE_benchmark_pipeline_04_01/benchmark_results/simulated_data/results/converted_trees_dir/without_trunk_without_normal_dir/tree.0019"	74	14	0.189189189189189	1.41313318410821	0.999991596870441	0.412777930398744
40	20	10	0.001999	0.16334	0	0	20	"cellphy"	"true_monovar_snvs"	"EP"	"mt"	"exc_cnv"	"/home/kang/research/SIEVE_benchmark_pipeline_04_01/benchmark_results/cellphy/from_true_monovar/mt/exc_cnv/0020/vcf_ep/0020.raxml.bestTree_formatted"	"/home/kang/research/SIEVE_benchmark_pipeline_04_01/benchmark_results/simulated_data/results/converted_trees_dir/without_trunk_without_normal_dir/tree.0020"	74	4	0.0540540540540541	1.37999646048611	0.999991961359308	0.47264712495399
40	20	10	0.001999	0.16334	0	0	20	"cellphy"	"true_monovar_snvs"	"EP"	"mt"	"inc_cnv"	"/home/kang/research/SIEVE_benchmark_pipeline_04_01/benchmark_results/cellphy/from_true_monovar/mt/inc_cnv/0020/vcf_ep/0020.raxml.bestTree_formatted"	"/home/kang/research/SIEVE_benchmark_pipeline_04_01/benchmark_results/simulated_data/results/converted_trees_dir/without_trunk_without_normal_dir/tree.0020"	74	8	0.108108108108108	1.41157047506943	0.999992151497354	0.449333358905199
40	20	10	0.001999	0.16334	0	0	1	"sifit"	"true_monovar_snvs"	"true_parameters"	NA	"exc_cnv"	"/home/kang/research/SIEVE_benchmark_pipeline_04_01/benchmark_results/sifit/from_true_monovar/from_true_params/exc_cnv/0001/filtered.sifit_data_mlTree.newick"	"/home/kang/research/SIEVE_benchmark_pipeline_04_01/benchmark_results/simulated_data/results/converted_trees_dir/without_trunk_without_normal_dir/tree.0001"	76	6	0.0789473684210526	1.47185201865354	0.999990269221294	0.444511002064609
40	20	10	0.001999	0.16334	0	0	1	"sifit"	"true_monovar_snvs"	"true_parameters"	NA	"inc_cnv"	"/home/kang/research/SIEVE_benchmark_pipeline_04_01/benchmark_results/sifit/from_true_monovar/from_true_params/inc_cnv/0001/filtered.sifit_data_mlTree.newick"	"/home/kang/research/SIEVE_benchmark_pipeline_04_01/benchmark_results/simulated_data/results/converted_trees_dir/without_trunk_without_normal_dir/tree.0001"	76	8	0.105263157894737	1.52156832629452	0.999990616074495	0.448761932991772
40	20	10	0.001999	0.16334	0	0	2	"sifit"	"true_monovar_snvs"	"true_parameters"	NA	"exc_cnv"	"/home/kang/research/SIEVE_benchmark_pipeline_04_01/benchmark_results/sifit/from_true_monovar/from_true_params/exc_cnv/0002/filtered.sifit_data_mlTree.newick"	"/home/kang/research/SIEVE_benchmark_pipeline_04_01/benchmark_results/simulated_data/results/converted_trees_dir/without_trunk_without_normal_dir/tree.0002"	76	10	0.131578947368421	1.49701317774109	0.999992458712612	0.445126360544861
40	20	10	0.001999	0.16334	0	0	2	"sifit"	"true_monovar_snvs"	"true_parameters"	NA	"inc_cnv"	"/home/kang/research/SIEVE_benchmark_pipeline_04_01/benchmark_results/sifit/from_true_monovar/from_true_params/inc_cnv/0002/filtered.sifit_data_mlTree.newick"	"/home/kang/research/SIEVE_benchmark_pipeline_04_01/benchmark_results/simulated_data/results/converted_trees_dir/without_trunk_without_normal_dir/tree.0002"	76	12	0.157894736842105	1.58524222936933	0.999992893829891	0.461405043115751
40	20	10	0.001999	0.16334	0	0	3	"sifit"	"true_monovar_snvs"	"true_parameters"	NA	"exc_cnv"	"/home/kang/research/SIEVE_benchmark_pipeline_04_01/benchmark_results/sifit/from_true_monovar/from_true_params/exc_cnv/0003/filtered.sifit_data_mlTree.newick"	"/home/kang/research/SIEVE_benchmark_pipeline_04_01/benchmark_results/simulated_data/results/converted_trees_dir/without_trunk_without_normal_dir/tree.0003"	76	6	0.0789473684210526	1.30239041589922	0.999990970577824	0.278972457452384
40	20	10	0.001999	0.16334	0	0	3	"sifit"	"true_monovar_snvs"	"true_parameters"	NA	"inc_cnv"	"/home/kang/research/SIEVE_benchmark_pipeline_04_01/benchmark_results/sifit/from_true_monovar/from_true_params/inc_cnv/0003/filtered.sifit_data_mlTree.newick"	"/home/kang/research/SIEVE_benchmark_pipeline_04_01/benchmark_results/simulated_data/results/converted_trees_dir/without_trunk_without_normal_dir/tree.0003"	76	8	0.105263157894737	1.39122202208309	0.999991560984411	0.293007375835321
40	20	10	0.001999	0.16334	0	0	4	"sifit"	"true_monovar_snvs"	"true_parameters"	NA	"exc_cnv"	"/home/kang/research/SIEVE_benchmark_pipeline_04_01/benchmark_results/sifit/from_true_monovar/from_true_params/exc_cnv/0004/filtered.sifit_data_mlTree.newick"	"/home/kang/research/SIEVE_benchmark_pipeline_04_01/benchmark_results/simulated_data/results/converted_trees_dir/without_trunk_without_normal_dir/tree.0004"	76	4	0.0526315789473684	1.43846634990278	0.999991064142936	0.402539552968767
40	20	10	0.001999	0.16334	0	0	4	"sifit"	"true_monovar_snvs"	"true_parameters"	NA	"inc_cnv"	"/home/kang/research/SIEVE_benchmark_pipeline_04_01/benchmark_results/sifit/from_true_monovar/from_true_params/inc_cnv/0004/filtered.sifit_data_mlTree.newick"	"/home/kang/research/SIEVE_benchmark_pipeline_04_01/benchmark_results/simulated_data/results/converted_trees_dir/without_trunk_without_normal_dir/tree.0004"	76	4	0.0526315789473684	1.44804722318857	0.999991111794909	0.407552445473226
40	20	10	0.001999	0.16334	0	0	5	"sifit"	"true_monovar_snvs"	"true_parameters"	NA	"exc_cnv"	"/home/kang/research/SIEVE_benchmark_pipeline_04_01/benchmark_results/sifit/from_true_monovar/from_true_params/exc_cnv/0005/filtered.sifit_data_mlTree.newick"	"/home/kang/research/SIEVE_benchmark_pipeline_04_01/benchmark_results/simulated_data/results/converted_trees_dir/without_trunk_without_normal_dir/tree.0005"	76	14	0.184210526315789	1.4562489577115	0.999990702757044	0.427185694349774
40	20	10	0.001999	0.16334	0	0	5	"sifit"	"true_monovar_snvs"	"true_parameters"	NA	"inc_cnv"	"/home/kang/research/SIEVE_benchmark_pipeline_04_01/benchmark_results/sifit/from_true_monovar/from_true_params/inc_cnv/0005/filtered.sifit_data_mlTree.newick"	"/home/kang/research/SIEVE_benchmark_pipeline_04_01/benchmark_results/simulated_data/results/converted_trees_dir/without_trunk_without_normal_dir/tree.0005"	76	18	0.236842105263158	1.47018185976619	0.999990872585253	0.415504565850531
40	20	10	0.001999	0.16334	0	0	6	"sifit"	"true_monovar_snvs"	"true_parameters"	NA	"exc_cnv"	"/home/kang/research/SIEVE_benchmark_pipeline_04_01/benchmark_results/sifit/from_true_monovar/from_true_params/exc_cnv/0006/filtered.sifit_data_mlTree.newick"	"/home/kang/research/SIEVE_benchmark_pipeline_04_01/benchmark_results/simulated_data/results/converted_trees_dir/without_trunk_without_normal_dir/tree.0006"	76	6	0.0789473684210526	1.37284418038571	0.999989794161658	0.348343305002997
40	20	10	0.001999	0.16334	0	0	6	"sifit"	"true_monovar_snvs"	"true_parameters"	NA	"inc_cnv"	"/home/kang/research/SIEVE_benchmark_pipeline_04_01/benchmark_results/sifit/from_true_monovar/from_true_params/inc_cnv/0006/filtered.sifit_data_mlTree.newick"	"/home/kang/research/SIEVE_benchmark_pipeline_04_01/benchmark_results/simulated_data/results/converted_trees_dir/without_trunk_without_normal_dir/tree.0006"	76	4	0.0526315789473684	1.38147813314656	0.999989834475037	0.347706258387774
40	20	10	0.001999	0.16334	0	0	7	"sifit"	"true_monovar_snvs"	"true_parameters"	NA	"exc_cnv"	"/home/kang/research/SIEVE_benchmark_pipeline_04_01/benchmark_results/sifit/from_true_monovar/from_true_params/exc_cnv/0007/filtered.sifit_data_mlTree.newick"	"/home/kang/research/SIEVE_benchmark_pipeline_04_01/benchmark_results/simulated_data/results/converted_trees_dir/without_trunk_without_normal_dir/tree.0007"	76	8	0.105263157894737	1.53818346647498	0.999990955483317	0.441335008149973
40	20	10	0.001999	0.16334	0	0	7	"sifit"	"true_monovar_snvs"	"true_parameters"	NA	"inc_cnv"	"/home/kang/research/SIEVE_benchmark_pipeline_04_01/benchmark_results/sifit/from_true_monovar/from_true_params/inc_cnv/0007/filtered.sifit_data_mlTree.newick"	"/home/kang/research/SIEVE_benchmark_pipeline_04_01/benchmark_results/simulated_data/results/converted_trees_dir/without_trunk_without_normal_dir/tree.0007"	76	12	0.157894736842105	1.54986619688735	0.999991065216309	0.41991618742876
40	20	10	0.001999	0.16334	0	0	8	"sifit"	"true_monovar_snvs"	"true_parameters"	NA	"exc_cnv"	"/home/kang/research/SIEVE_benchmark_pipeline_04_01/benchmark_results/sifit/from_true_monovar/from_true_params/exc_cnv/0008/filtered.sifit_data_mlTree.newick"	"/home/kang/research/SIEVE_benchmark_pipeline_04_01/benchmark_results/simulated_data/results/converted_trees_dir/without_trunk_without_normal_dir/tree.0008"	76	12	0.157894736842105	1.41891627588628	0.999990674928226	0.371228308538971
40	20	10	0.001999	0.16334	0	0	8	"sifit"	"true_monovar_snvs"	"true_parameters"	NA	"inc_cnv"	"/home/kang/research/SIEVE_benchmark_pipeline_04_01/benchmark_results/sifit/from_true_monovar/from_true_params/inc_cnv/0008/filtered.sifit_data_mlTree.newick"	"/home/kang/research/SIEVE_benchmark_pipeline_04_01/benchmark_results/simulated_data/results/converted_trees_dir/without_trunk_without_normal_dir/tree.0008"	76	8	0.105263157894737	1.4316862869144	0.999990711503241	0.376040104842181
40	20	10	0.001999	0.16334	0	0	9	"sifit"	"true_monovar_snvs"	"true_parameters"	NA	"exc_cnv"	"/home/kang/research/SIEVE_benchmark_pipeline_04_01/benchmark_results/sifit/from_true_monovar/from_true_params/exc_cnv/0009/filtered.sifit_data_mlTree.newick"	"/home/kang/research/SIEVE_benchmark_pipeline_04_01/benchmark_results/simulated_data/results/converted_trees_dir/without_trunk_without_normal_dir/tree.0009"	76	8	0.105263157894737	1.42248225814726	0.999991159476461	0.449973425153226
40	20	10	0.001999	0.16334	0	0	9	"sifit"	"true_monovar_snvs"	"true_parameters"	NA	"inc_cnv"	"/home/kang/research/SIEVE_benchmark_pipeline_04_01/benchmark_results/sifit/from_true_monovar/from_true_params/inc_cnv/0009/filtered.sifit_data_mlTree.newick"	"/home/kang/research/SIEVE_benchmark_pipeline_04_01/benchmark_results/simulated_data/results/converted_trees_dir/without_trunk_without_normal_dir/tree.0009"	76	4	0.0526315789473684	1.52737139943439	0.99999168555076	0.487161423540219
40	20	10	0.001999	0.16334	0	0	10	"sifit"	"true_monovar_snvs"	"true_parameters"	NA	"exc_cnv"	"/home/kang/research/SIEVE_benchmark_pipeline_04_01/benchmark_results/sifit/from_true_monovar/from_true_params/exc_cnv/0010/filtered.sifit_data_mlTree.newick"	"/home/kang/research/SIEVE_benchmark_pipeline_04_01/benchmark_results/simulated_data/results/converted_trees_dir/without_trunk_without_normal_dir/tree.0010"	76	18	0.236842105263158	1.41147948859272	0.999991277032379	0.354590017665559
40	20	10	0.001999	0.16334	0	0	10	"sifit"	"true_monovar_snvs"	"true_parameters"	NA	"inc_cnv"	"/home/kang/research/SIEVE_benchmark_pipeline_04_01/benchmark_results/sifit/from_true_monovar/from_true_params/inc_cnv/0010/filtered.sifit_data_mlTree.newick"	"/home/kang/research/SIEVE_benchmark_pipeline_04_01/benchmark_results/simulated_data/results/converted_trees_dir/without_trunk_without_normal_dir/tree.0010"	76	10	0.131578947368421	1.40379312766034	0.999991127908465	0.339037994366961
40	20	10	0.001999	0.16334	0	0	11	"sifit"	"true_monovar_snvs"	"true_parameters"	NA	"exc_cnv"	"/home/kang/research/SIEVE_benchmark_pipeline_04_01/benchmark_results/sifit/from_true_monovar/from_true_params/exc_cnv/0011/filtered.sifit_data_mlTree.newick"	"/home/kang/research/SIEVE_benchmark_pipeline_04_01/benchmark_results/simulated_data/results/converted_trees_dir/without_trunk_without_normal_dir/tree.0011"	76	18	0.236842105263158	1.47964948792864	0.999990529585056	0.503820714171375
40	20	10	0.001999	0.16334	0	0	11	"sifit"	"true_monovar_snvs"	"true_parameters"	NA	"inc_cnv"	"/home/kang/research/SIEVE_benchmark_pipeline_04_01/benchmark_results/sifit/from_true_monovar/from_true_params/inc_cnv/0011/filtered.sifit_data_mlTree.newick"	"/home/kang/research/SIEVE_benchmark_pipeline_04_01/benchmark_results/simulated_data/results/converted_trees_dir/without_trunk_without_normal_dir/tree.0011"	76	18	0.236842105263158	1.53021576525381	0.999990825708987	0.531490009828312
40	20	10	0.001999	0.16334	0	0	12	"sifit"	"true_monovar_snvs"	"true_parameters"	NA	"exc_cnv"	"/home/kang/research/SIEVE_benchmark_pipeline_04_01/benchmark_results/sifit/from_true_monovar/from_true_params/exc_cnv/0012/filtered.sifit_data_mlTree.newick"	"/home/kang/research/SIEVE_benchmark_pipeline_04_01/benchmark_results/simulated_data/results/converted_trees_dir/without_trunk_without_normal_dir/tree.0012"	76	6	0.0789473684210526	1.39015134432708	0.999988313906976	0.373421259113895
40	20	10	0.001999	0.16334	0	0	12	"sifit"	"true_monovar_snvs"	"true_parameters"	NA	"inc_cnv"	"/home/kang/research/SIEVE_benchmark_pipeline_04_01/benchmark_results/sifit/from_true_monovar/from_true_params/inc_cnv/0012/filtered.sifit_data_mlTree.newick"	"/home/kang/research/SIEVE_benchmark_pipeline_04_01/benchmark_results/simulated_data/results/converted_trees_dir/without_trunk_without_normal_dir/tree.0012"	76	6	0.0789473684210526	1.46247118731527	0.999988874274667	0.390953804616665
40	20	10	0.001999	0.16334	0	0	13	"sifit"	"true_monovar_snvs"	"true_parameters"	NA	"exc_cnv"	"/home/kang/research/SIEVE_benchmark_pipeline_04_01/benchmark_results/sifit/from_true_monovar/from_true_params/exc_cnv/0013/filtered.sifit_data_mlTree.newick"	"/home/kang/research/SIEVE_benchmark_pipeline_04_01/benchmark_results/simulated_data/results/converted_trees_dir/without_trunk_without_normal_dir/tree.0013"	76	4	0.0526315789473684	1.38711510443623	0.99999151513945	0.358867618345935
40	20	10	0.001999	0.16334	0	0	13	"sifit"	"true_monovar_snvs"	"true_parameters"	NA	"inc_cnv"	"/home/kang/research/SIEVE_benchmark_pipeline_04_01/benchmark_results/sifit/from_true_monovar/from_true_params/inc_cnv/0013/filtered.sifit_data_mlTree.newick"	"/home/kang/research/SIEVE_benchmark_pipeline_04_01/benchmark_results/simulated_data/results/converted_trees_dir/without_trunk_without_normal_dir/tree.0013"	76	4	0.0526315789473684	1.41301766127901	0.999991726218678	0.357985389107731
40	20	10	0.001999	0.16334	0	0	14	"sifit"	"true_monovar_snvs"	"true_parameters"	NA	"exc_cnv"	"/home/kang/research/SIEVE_benchmark_pipeline_04_01/benchmark_results/sifit/from_true_monovar/from_true_params/exc_cnv/0014/filtered.sifit_data_mlTree.newick"	"/home/kang/research/SIEVE_benchmark_pipeline_04_01/benchmark_results/simulated_data/results/converted_trees_dir/without_trunk_without_normal_dir/tree.0014"	76	12	0.157894736842105	1.41119472121363	0.999989961165282	0.419273974963071
40	20	10	0.001999	0.16334	0	0	14	"sifit"	"true_monovar_snvs"	"true_parameters"	NA	"inc_cnv"	"/home/kang/research/SIEVE_benchmark_pipeline_04_01/benchmark_results/sifit/from_true_monovar/from_true_params/inc_cnv/0014/filtered.sifit_data_mlTree.newick"	"/home/kang/research/SIEVE_benchmark_pipeline_04_01/benchmark_results/simulated_data/results/converted_trees_dir/without_trunk_without_normal_dir/tree.0014"	76	6	0.0789473684210526	1.44106965872221	0.999990115273239	0.419960271974531
40	20	10	0.001999	0.16334	0	0	15	"sifit"	"true_monovar_snvs"	"true_parameters"	NA	"exc_cnv"	"/home/kang/research/SIEVE_benchmark_pipeline_04_01/benchmark_results/sifit/from_true_monovar/from_true_params/exc_cnv/0015/filtered.sifit_data_mlTree.newick"	"/home/kang/research/SIEVE_benchmark_pipeline_04_01/benchmark_results/simulated_data/results/converted_trees_dir/without_trunk_without_normal_dir/tree.0015"	76	10	0.131578947368421	1.38267382071823	0.999988867991794	0.350017147054431
40	20	10	0.001999	0.16334	0	0	15	"sifit"	"true_monovar_snvs"	"true_parameters"	NA	"inc_cnv"	"/home/kang/research/SIEVE_benchmark_pipeline_04_01/benchmark_results/sifit/from_true_monovar/from_true_params/inc_cnv/0015/filtered.sifit_data_mlTree.newick"	"/home/kang/research/SIEVE_benchmark_pipeline_04_01/benchmark_results/simulated_data/results/converted_trees_dir/without_trunk_without_normal_dir/tree.0015"	76	10	0.131578947368421	1.43630100805811	0.999989246953153	0.352477041365501
40	20	10	0.001999	0.16334	0	0	16	"sifit"	"true_monovar_snvs"	"true_parameters"	NA	"exc_cnv"	"/home/kang/research/SIEVE_benchmark_pipeline_04_01/benchmark_results/sifit/from_true_monovar/from_true_params/exc_cnv/0016/filtered.sifit_data_mlTree.newick"	"/home/kang/research/SIEVE_benchmark_pipeline_04_01/benchmark_results/simulated_data/results/converted_trees_dir/without_trunk_without_normal_dir/tree.0016"	76	6	0.0789473684210526	1.37512257053377	0.999991337328963	0.363516063357875
40	20	10	0.001999	0.16334	0	0	16	"sifit"	"true_monovar_snvs"	"true_parameters"	NA	"inc_cnv"	"/home/kang/research/SIEVE_benchmark_pipeline_04_01/benchmark_results/sifit/from_true_monovar/from_true_params/inc_cnv/0016/filtered.sifit_data_mlTree.newick"	"/home/kang/research/SIEVE_benchmark_pipeline_04_01/benchmark_results/simulated_data/results/converted_trees_dir/without_trunk_without_normal_dir/tree.0016"	76	8	0.105263157894737	1.40321875391362	0.999991546891006	0.369340888202769
40	20	10	0.001999	0.16334	0	0	17	"sifit"	"true_monovar_snvs"	"true_parameters"	NA	"exc_cnv"	"/home/kang/research/SIEVE_benchmark_pipeline_04_01/benchmark_results/sifit/from_true_monovar/from_true_params/exc_cnv/0017/filtered.sifit_data_mlTree.newick"	"/home/kang/research/SIEVE_benchmark_pipeline_04_01/benchmark_results/simulated_data/results/converted_trees_dir/without_trunk_without_normal_dir/tree.0017"	76	6	0.0789473684210526	1.33642589781847	0.999989065669847	0.360987276856528
40	20	10	0.001999	0.16334	0	0	17	"sifit"	"true_monovar_snvs"	"true_parameters"	NA	"inc_cnv"	"/home/kang/research/SIEVE_benchmark_pipeline_04_01/benchmark_results/sifit/from_true_monovar/from_true_params/inc_cnv/0017/filtered.sifit_data_mlTree.newick"	"/home/kang/research/SIEVE_benchmark_pipeline_04_01/benchmark_results/simulated_data/results/converted_trees_dir/without_trunk_without_normal_dir/tree.0017"	76	12	0.157894736842105	1.40707908067219	0.999989670548602	0.37164104773841
40	20	10	0.001999	0.16334	0	0	18	"sifit"	"true_monovar_snvs"	"true_parameters"	NA	"exc_cnv"	"/home/kang/research/SIEVE_benchmark_pipeline_04_01/benchmark_results/sifit/from_true_monovar/from_true_params/exc_cnv/0018/filtered.sifit_data_mlTree.newick"	"/home/kang/research/SIEVE_benchmark_pipeline_04_01/benchmark_results/simulated_data/results/converted_trees_dir/without_trunk_without_normal_dir/tree.0018"	76	12	0.157894736842105	1.50710868081863	0.999990934927312	0.448553075832077
40	20	10	0.001999	0.16334	0	0	18	"sifit"	"true_monovar_snvs"	"true_parameters"	NA	"inc_cnv"	"/home/kang/research/SIEVE_benchmark_pipeline_04_01/benchmark_results/sifit/from_true_monovar/from_true_params/inc_cnv/0018/filtered.sifit_data_mlTree.newick"	"/home/kang/research/SIEVE_benchmark_pipeline_04_01/benchmark_results/simulated_data/results/converted_trees_dir/without_trunk_without_normal_dir/tree.0018"	76	8	0.105263157894737	1.53178516145957	0.999991027483552	0.458113092563283
40	20	10	0.001999	0.16334	0	0	19	"sifit"	"true_monovar_snvs"	"true_parameters"	NA	"exc_cnv"	"/home/kang/research/SIEVE_benchmark_pipeline_04_01/benchmark_results/sifit/from_true_monovar/from_true_params/exc_cnv/0019/filtered.sifit_data_mlTree.newick"	"/home/kang/research/SIEVE_benchmark_pipeline_04_01/benchmark_results/simulated_data/results/converted_trees_dir/without_trunk_without_normal_dir/tree.0019"	76	16	0.210526315789474	1.40013923791423	0.99999147124823	0.386484525458075
40	20	10	0.001999	0.16334	0	0	19	"sifit"	"true_monovar_snvs"	"true_parameters"	NA	"inc_cnv"	"/home/kang/research/SIEVE_benchmark_pipeline_04_01/benchmark_results/sifit/from_true_monovar/from_true_params/inc_cnv/0019/filtered.sifit_data_mlTree.newick"	"/home/kang/research/SIEVE_benchmark_pipeline_04_01/benchmark_results/simulated_data/results/converted_trees_dir/without_trunk_without_normal_dir/tree.0019"	76	10	0.131578947368421	1.46165071501661	0.999991798705039	0.39787819923955
40	20	10	0.001999	0.16334	0	0	20	"sifit"	"true_monovar_snvs"	"true_parameters"	NA	"exc_cnv"	"/home/kang/research/SIEVE_benchmark_pipeline_04_01/benchmark_results/sifit/from_true_monovar/from_true_params/exc_cnv/0020/filtered.sifit_data_mlTree.newick"	"/home/kang/research/SIEVE_benchmark_pipeline_04_01/benchmark_results/simulated_data/results/converted_trees_dir/without_trunk_without_normal_dir/tree.0020"	76	6	0.0789473684210526	1.39234952255965	0.999992037331202	0.37203129860303
40	20	10	0.001999	0.16334	0	0	20	"sifit"	"true_monovar_snvs"	"true_parameters"	NA	"inc_cnv"	"/home/kang/research/SIEVE_benchmark_pipeline_04_01/benchmark_results/sifit/from_true_monovar/from_true_params/inc_cnv/0020/filtered.sifit_data_mlTree.newick"	"/home/kang/research/SIEVE_benchmark_pipeline_04_01/benchmark_results/simulated_data/results/converted_trees_dir/without_trunk_without_normal_dir/tree.0020"	76	8	0.105263157894737	1.42419367488869	0.99999222106124	0.365031007776976
